"Name","InstanceId","Status","Class","FriendlyName","HardwareID"
"USB Input Device","USB\VID_413C&PID_2113&MI_01\6&3155E302&0&0001","Unknown","HIDClass","USB Input Device","System.String[]"
"Intel(R) Xeon(R) processor P family/Core i7 PCU Registers - 2081","PCI\VEN_8086&DEV_2081&SUBSYS_07381028&REV_04\3&2411E6FE&0&F1","OK","System","Intel(R) Xeon(R) processor P family/Core i7 PCU Registers - 2081","System.String[]"
"Headset (E7)","SWD\MMDEVAPI\{0.0.1.00000000}.{2C8D069D-DA19-4B99-A3CA-0C0D46FC403D}","Unknown","AudioEndpoint","Headset (E7)","System.String[]"
"Wi-Fi","SWD\RADIO\{459C52C6-8A4D-426E-ADB6-863597916431}","Unknown","SoftwareDevice","Wi-Fi",
"Intel(R) Xeon(R) processor P family/Core i7 M2PCI Registers - 2018","PCI\VEN_8086&DEV_2018&SUBSYS_00000000&REV_04\3&3AA59A3&0&B8","OK","System","Intel(R) Xeon(R) processor P family/Core i7 M2PCI Registers - 2018","System.String[]"
"E7","BTHENUM\DEV_FC58A103FDFE\7&B265E0C&0&BLUETOOTHDEVICE_FC58A103FDFE","OK","Bluetooth","E7","System.String[]"
"MX Master 3S","BTHLE\DEV_D0EEF6C87894\7&21DBA774&0&D0EEF6C87894","OK","Bluetooth","MX Master 3S","System.String[]"
"Intel(R) Xeon(R) processor P family/Core i7 RAS - 2025","PCI\VEN_8086&DEV_2025&SUBSYS_00000000&REV_04\3&11583659&0&2A","OK","System","Intel(R) Xeon(R) processor P family/Core i7 RAS - 2025","System.String[]"
"Motherboard resources","ACPI\PNP0C02\0","OK","System","Motherboard resources","System.String[]"
"Motherboard resources","ACPI\PNP0C02\5","OK","System","Motherboard resources","System.String[]"
"Intel(R) Xeon(R) processor P family/Core i7 LMDP Channel 1 - 2047","PCI\VEN_8086&DEV_2047&SUBSYS_07381028&REV_04\3&36CB97A3&0&57","OK","System","Intel(R) Xeon(R) processor P family/Core i7 LMDP Channel 1 - 2047","System.String[]"
"Intel(R) Xeon(R) processor P family/Core i7 LMDP Channel 1 - 2047","PCI\VEN_8086&DEV_2047&SUBSYS_07381028&REV_04\3&36CB97A3&0&67","OK","System","Intel(R) Xeon(R) processor P family/Core i7 LMDP Channel 1 - 2047","System.String[]"
"E7 Avrcp Transport","BTHENUM\{0000110E-0000-1000-8000-00805F9B34FB}_LOCALMFG&0002\7&B265E0C&0&FC58A103FDFE_C00000000","OK","Bluetooth","E7 Avrcp Transport","System.String[]"
"Headphones (2- E7)","SWD\MMDEVAPI\{0.0.0.00000000}.{07D5E60A-28EC-4F29-9C46-79A76D6E5455}","Unknown","AudioEndpoint","Headphones (2- E7)","System.String[]"
"High Definition Audio Controller","PCI\VEN_10DE&DEV_0E08&SUBSYS_102F103C&REV_A1\4&A9E70BA&0&01E5","OK","System","High Definition Audio Controller","System.String[]"
"HID-compliant system controller","HID\VID_413C&PID_2113&MI_01&COL02\7&19EDA587&0&0001","Unknown","HIDClass","HID-compliant system controller","System.String[]"
"Intel(R) Xeon(R) processor P family/Core i7 Ubox Registers - 2015","PCI\VEN_8086&DEV_2015&SUBSYS_07381028&REV_04\3&11583659&0&41","OK","System","Intel(R) Xeon(R) processor P family/Core i7 Ubox Registers - 2015","System.String[]"
"MX Keys","BTHLE\DEV_EEA0065980A5\7&21DBA774&0&EEA0065980A5","OK","Bluetooth","MX Keys","System.String[]"
"USB Input Device","USB\VID_046D&PID_C52B&MI_02\6&1D8899B1&0&0002","Unknown","HIDClass","USB Input Device","System.String[]"
"Microsoft Streaming Service Proxy","SW\{96E080C7-143C-11D1-B40F-00A0C9223196}\{3C0D501A-140B-11D1-B40F-00A0C9223196}","Unknown","MEDIA","Microsoft Streaming Service Proxy","System.String[]"
"E7 Hands-Free AG","BTHENUM\{0000111E-0000-1000-8000-00805F9B34FB}_LOCALMFG&0002\7&B265E0C&0&FC58FA783748_C00000000","OK","System","E7 Hands-Free AG","System.String[]"
"Intel(R) Xeon(R) processor P family/Core i7 RAS Configuration Registers - 2035","PCI\VEN_8086&DEV_2035&SUBSYS_00000000&REV_04\3&2411E6FE&0&2A","OK","System","Intel(R) Xeon(R) processor P family/Core i7 RAS Configuration Registers - 2035","System.String[]"
"System timer","ACPI\PNP0100\4&3816902A&0","OK","System","System timer","System.String[]"
"DPMAutoInstallDriver Component Device","SWD\DRIVERENUM\DPMAUTOINSTALLDRIVER_DEVICE_COMPONENT&9&23010265&0","Unknown","SoftwareComponent","DPMAutoInstallDriver Component Device","System.String[]"
"NVIDIA NVS 315","PCI\VEN_10DE&DEV_107C&SUBSYS_102F103C&REV_A1\4&A9E70BA&0&00E5","Error","Display","NVIDIA NVS 315","System.String[]"
"HID-compliant consumer control device","HID\VID_046D&PID_C52B&MI_01&COL02\7&39DE0742&0&0001","Unknown","HIDClass","HID-compliant consumer control device","System.String[]"
"Microsoft Wi-Fi Direct Virtual Adapter","{5D624F94-8850-40C3-A3FA-A4FD2080BAF3}\VWIFIMP_WFD\5&1D1093CC&7&30","OK","Net","Microsoft Wi-Fi Direct Virtual Adapter","System.String[]"
"Microsoft Wi-Fi Direct Virtual Adapter #2","{5D624F94-8850-40C3-A3FA-A4FD2080BAF3}\VWIFIMP_WFD\5&1D1093CC&7&31","OK","Net","Microsoft Wi-Fi Direct Virtual Adapter #2","System.String[]"
"Root Print Queue","SWD\PRINTENUM\PRINTQUEUES","OK","PrintQueue","Root Print Queue","System.String[]"
"HID-compliant device","HID\VID_1532&PID_0084&MI_01&COL05\7&337D3F2A&1&0004","OK","HIDClass","HID-compliant device","System.String[]"
"Intel(R) Xeon(R) processor P family/Core i7 IOAPIC - 2026","PCI\VEN_8086&DEV_2026&SUBSYS_07381028&REV_04\3&11583659&0&2C","OK","System","Intel(R) Xeon(R) processor P family/Core i7 IOAPIC - 2026","System.String[]"
"Device Information Service","BTHLEDEVICE\{0000180A-0000-1000-8000-00805F9B34FB}_DEV_VID&02046D_PID&B35B_REV&0013_EEA0065980A5\8&16721691&0&000E","OK","Bluetooth","Device Information Service","System.String[]"
"Intel(R) Xeon(R) processor P family/Core i7 IOxAPIC Configuration Registers - 2036","PCI\VEN_8086&DEV_2036&SUBSYS_07381028&REV_04\3&2411E6FE&0&2C","OK","System","Intel(R) Xeon(R) processor P family/Core i7 IOxAPIC Configuration Registers - 2036","System.String[]"
"Volume Manager","ROOT\VOLMGR\0000","OK","System","Volume Manager","System.String[]"
"Airoha_APP","BTHENUM\{00000000-0000-0000-0099-AABBCCDDEEFF}_VID&00010094_PID&0004\7&B265E0C&0&6C47604EDC78_C00000000","OK",,"Airoha_APP","System.String[]"
"Generic PnP Monitor","DISPLAY\GSM774F\5&1ECD3B42&6&UID774401","Unknown","Monitor","Generic PnP Monitor","System.String[]"
"Generic PnP Monitor","DISPLAY\GSM774F\5&1ECD3B42&6&UID774403","Unknown","Monitor","Generic PnP Monitor","System.String[]"
"Generic PnP Monitor","DISPLAY\GSM774F\5&1ECD3B42&6&UID774405","Unknown","Monitor","Generic PnP Monitor","System.String[]"
"Generic PnP Monitor","DISPLAY\GSM774F\5&1ECD3B42&6&UID774407","Unknown","Monitor","Generic PnP Monitor","System.String[]"
"USB Input Device","USB\VID_046D&PID_C534&MI_01\7&13B8B4BC&0&0001","Unknown","HIDClass","USB Input Device","System.String[]"
"Bluetooth Peripheral Device","BTHENUM\{00001800-0000-1000-8000-00805F9B34FB}_VID&0001000F_PID&1200\7&B265E0C&0&2CFDB3C85F48_C00000000","OK",,"Bluetooth Peripheral Device","System.String[]"
"Logitech Download Assistant","HID\{00001812-0000-1000-8000-00805F9B34FB}_DEV_VID&02046D_PID&B35B_REV&0013_EEA0065980A5&COL03\9&31D1F8C4&0&0002","OK","HIDClass","Logitech Download Assistant","System.String[]"
"Volume","STORAGE\VOLUME\_??_USBSTOR#DISK&VEN_&PROD_USB_DISK_3.0&REV_PMAP#07190C73EC8DE198&0#{53F56307-B6BF-11D0-94F2-00A0C91EFB8B}","Unknown","Volume","Volume","System.String[]"
"NVIDIA High Definition Audio","HDAUDIO\FUNC_01&VEN_10DE&DEV_0072&SUBSYS_10281190&REV_1001\5&15FAED40&0&0001","OK","MEDIA","NVIDIA High Definition Audio","System.String[]"
"Razer DeathAdder V2","HID\VID_1532&PID_0084&MI_00\7&204D22EC&1&0000","OK","Mouse","Razer DeathAdder V2","System.String[]"
"Bluetooth Low Energy GATT compliant HID device","BTHLEDEVICE\{00001812-0000-1000-8000-00805F9B34FB}_DEV_VID&02046D_PID&B369_REV&0007_DB209F422280\8&1AA6D1C1&0&001F","OK","HIDClass","Bluetooth Low Energy GATT compliant HID device","System.String[]"
"Volume","STORAGE\VOLUME\{882ED160-E4D1-11EC-A496-806E6F6E6963}#0000000000100000","OK","Volume","Volume","System.String[]"
"Bluetooth","SWD\RADIO\BLUETOOTH_48684A1C94B2","OK","SoftwareDevice","Bluetooth",
"ACTON III Avrcp Transport","BTHENUM\{0000110E-0000-1000-8000-00805F9B34FB}_VID&00010094_PID&0004\7&B265E0C&0&6C47604EDC78_C00000000","OK","Bluetooth","ACTON III Avrcp Transport","System.String[]"
"USB Composite Device","USB\VID_046D&PID_C52B\6&3183D08&0&1","Unknown","USB","USB Composite Device","System.String[]"
"USB Composite Device","USB\VID_046D&PID_C52B\6&3183D08&0&2","Unknown","USB","USB Composite Device","System.String[]"
"E7 Hands-Free","BTHHFENUM\BTHHFPAUDIO\8&18465764&2&97","OK","MEDIA","E7 Hands-Free","System.String[]"
"Bluetooth Low Energy GATT compliant HID device","BTHLEDEVICE\{00001812-0000-1000-8000-00805F9B34FB}_DEV_VID&02046D_PID&B034_REV&0003_D0EEF6C87894\8&1D214379&0&001F","OK","HIDClass","Bluetooth Low Energy GATT compliant HID device","System.String[]"
"PCI-to-PCI Bridge","PCI\VEN_104C&DEV_8240&SUBSYS_07381028&REV_00\4&2D21E8BE&0&00E6","OK","System","PCI-to-PCI Bridge","System.String[]"
"HID-compliant vendor-defined device","HID\VID_413C&PID_4503&MI_02&COL01\8&37AF421F&0&0000","Unknown","HIDClass","HID-compliant vendor-defined device","System.String[]"
"Microsoft Hyper-V Virtual Machine Bus Provider","ROOT\VMBUS\0000","OK","System","Microsoft Hyper-V Virtual Machine Bus Provider","System.String[]"
"Intel(R) Xeon(R) processor P family/Core i7 Integrated Memory Controller - 2044","PCI\VEN_8086&DEV_2044&SUBSYS_07381028&REV_04\3&36CB97A3&0&54","OK","System","Intel(R) Xeon(R) processor P family/Core i7 Integrated Memory Controller - 2044","System.String[]"
"Intel(R) Xeon(R) processor P family/Core i7 Integrated Memory Controller - 2044","PCI\VEN_8086&DEV_2044&SUBSYS_07381028&REV_04\3&36CB97A3&0&64","OK","System","Intel(R) Xeon(R) processor P family/Core i7 Integrated Memory Controller - 2044","System.String[]"
"Microsoft Basic Display Driver","ROOT\BASICDISPLAY\0000","OK","System","Microsoft Basic Display Driver","System.String[]"
"Intel(R) USB 3.0 eXtensible Host Controller - 1.0 (Microsoft)","PCI\VEN_8086&DEV_A2AF&SUBSYS_07381028&REV_00\3&11583659&0&A0","OK","USB","Intel(R) USB 3.0 eXtensible Host Controller - 1.0 (Microsoft)","System.String[]"
"Logitech Download Assistant","HID\{00001812-0000-1000-8000-00805F9B34FB}_DEV_VID&02046D_PID&B034_REV&0003_D0EEF6C87894&COL02\9&7827B5D&0&0001","Unknown","HIDClass","Logitech Download Assistant","System.String[]"
"ACPI Sleep Button","ACPI\PNP0C0E\2&DABA3FF&0","OK","System","ACPI Sleep Button","System.String[]"
"Intel(R) Xeon(R) processor P family/Core i7 PCU Registers - 2086","PCI\VEN_8086&DEV_2086&SUBSYS_07381028&REV_04\3&2411E6FE&0&F6","OK","System","Intel(R) Xeon(R) processor P family/Core i7 PCU Registers - 2086","System.String[]"
"Intel(R) Wireless Bluetooth(R)","USB\VID_8087&PID_0029\5&129774C1&0&11","OK","Bluetooth","Intel(R) Wireless Bluetooth(R)","System.String[]"
"Microsoft Hypervisor Service","ROOT\HVSERVICE\0000","OK","System","Microsoft Hypervisor Service","System.String[]"
"HID-compliant system controller","HID\VID_046D&PID_C534&MI_01&COL03\8&2562B3F7&0&0002","Unknown","HIDClass","HID-compliant system controller","System.String[]"
"HID-compliant vendor-defined device","HID\VID_046D&PID_C52B&MI_02&COL01\8&3801AC30&0&0000","Unknown","HIDClass","HID-compliant vendor-defined device","System.String[]"
"Alex’s AirPods Hands-Free","BTHHFENUM\BTHHFPAUDIO\8&15564BE9&0&97","OK","MEDIA","Alex’s AirPods Hands-Free","System.String[]"
"Generic Attribute Profile","BTHLEDEVICE\{00001801-0000-1000-8000-00805F9B34FB}_DEV_VID&02046D_PID&B369_REV&0007_DB209F422280\8&1AA6D1C1&0&000A","OK","Bluetooth","Generic Attribute Profile","System.String[]"
"System Firmware 1.13.0","UEFI\RES_{9F1ECAB8-A9D1-4D01-9BF8-B91CB116B641}\0","OK","Firmware","System Firmware 1.13.0","System.String[]"
"Alex’s AirPods Avrcp Transport","BTHENUM\{0000110E-0000-1000-8000-00805F9B34FB}_VID&0001004C_PID&2002\7&B265E0C&0&94B01FA9D419_C00000000","OK","Bluetooth","Alex’s AirPods Avrcp Transport","System.String[]"
"HID-compliant mouse","HID\{00001812-0000-1000-8000-00805F9B34FB}_DEV_VID&02046D_PID&B034_REV&0003_D0EEF6C87894&COL01\9&7827B5D&0&0000","Unknown","Mouse","HID-compliant mouse","System.String[]"
"Microphone (HD Webcam C525)","SWD\MMDEVAPI\{0.0.1.00000000}.{C76DC8F7-D6D3-4B81-973F-63DAED3AC772}","Unknown","AudioEndpoint","Microphone (HD Webcam C525)","System.String[]"
"Microsoft Bluetooth Enumerator","BTH\MS_BTHBRB\6&191B35EC&0&1","OK","Bluetooth","Microsoft Bluetooth Enumerator","System.String[]"
"Intel(R) SMBUS - A2A3","PCI\VEN_8086&DEV_A2A3&SUBSYS_07381028&REV_00\3&11583659&0&FC","OK","System","Intel(R) SMBUS - A2A3","System.String[]"
"Hyper-V Virtual Switch Extension Adapter","ROOT\VMS_VSMP\0000","OK","Net","Hyper-V Virtual Switch Extension Adapter","System.String[]"
"WireGuard Tunnel","ROOT\NET\0000","OK","Net","WireGuard Tunnel","System.String[]"
"Generic Attribute Profile","BTHLEDEVICE\{00001801-0000-1000-8000-00805F9B34FB}_DEV_VID&02046D_PID&B034_REV&0003_D0EEF6C87894\8&1D214379&0&000A","OK","Bluetooth","Generic Attribute Profile","System.String[]"
"LG HDR 4K (2- NVIDIA High Definition Audio)","SWD\MMDEVAPI\{0.0.0.00000000}.{A598E149-55CD-4182-9D5F-BB4EE9EB65A0}","OK","AudioEndpoint","LG HDR 4K (2- NVIDIA High Definition Audio)","System.String[]"
"Bluetooth LE Generic Attribute Service","BTHLEDEVICE\{0000180F-0000-1000-8000-00805F9B34FB}_DEV_VID&02046D_PID&B35B_REV&0013_EEA0065980A5\8&16721691&0&001D","OK","Bluetooth","Bluetooth LE Generic Attribute Service","System.String[]"
"HD Webcam C525","USB\VID_046D&PID_0826&MI_00\7&39BEF298&1&0000","Unknown","MEDIA","HD Webcam C525","System.String[]"
"USB Input Device","USB\VID_413C&PID_4503&MI_02\7&B5C5EB6&0&0002","Unknown","HIDClass","USB Input Device","System.String[]"
"Brother HL-L8360CDW series","SWD\PRINTENUM\{F433F730-4601-4D44-BF4E-785B34B4EB30}","OK","PrintQueue","Brother HL-L8360CDW series","System.String[]"
"Microsoft RRAS Root Enumerator","SWD\MSRRAS\{5E259276-BC7E-40E3-B93B-8F89B5F3ABC0}","OK","SoftwareDevice","Microsoft RRAS Root Enumerator",
"Intel(R) Xeon(R) processor P family/Core i7 PCI Express Root Port A - 2030","PCI\VEN_8086&DEV_2030&SUBSYS_07381028&REV_04\3&3AA59A3&0&00","OK","System","Intel(R) Xeon(R) processor P family/Core i7 PCI Express Root Port A - 2030","System.String[]"
"TCL 8132 Sound Bar","BTHENUM\DEV_2CFDB3C85F48\7&B265E0C&0&BLUETOOTHDEVICE_2CFDB3C85F48","OK","Bluetooth","TCL 8132 Sound Bar","System.String[]"
"Speakers (EMBERTON)","SWD\MMDEVAPI\{0.0.0.00000000}.{E11905B1-B969-4555-B519-932F9C62D16F}","Unknown","AudioEndpoint","Speakers (EMBERTON)","System.String[]"
"Microsoft Windows Management Interface for ACPI","ACPI\PNP0C14\0","OK","System","Microsoft Windows Management Interface for ACPI","System.String[]"
"LG HDR 4K (2- NVIDIA High Definition Audio)","SWD\MMDEVAPI\{0.0.0.00000000}.{9AAA9C80-83F7-4CEA-B0AA-5FFE802935D3}","Unknown","AudioEndpoint","LG HDR 4K (2- NVIDIA High Definition Audio)","System.String[]"
"USB Input Device","USB\VID_413C&PID_4503&MI_01\7&B5C5EB6&0&0001","Unknown","HIDClass","USB Input Device","System.String[]"
"Intel(R) Xeon(R) processor P family/Core i7 Integrated Memory Controller - 2066","PCI\VEN_8086&DEV_2066&SUBSYS_07381028&REV_04\3&36CB97A3&0&40","OK","System","Intel(R) Xeon(R) processor P family/Core i7 Integrated Memory Controller - 2066","System.String[]"
"Intel(R) Xeon(R) processor P family/Core i7 Integrated Memory Controller - 2066","PCI\VEN_8086&DEV_2066&SUBSYS_07381028&REV_04\3&36CB97A3&0&48","OK","System","Intel(R) Xeon(R) processor P family/Core i7 Integrated Memory Controller - 2066","System.String[]"
"NVIDIA Quadro M2000","PCI\VEN_10DE&DEV_1430&SUBSYS_11901028&REV_A1\4&AF64B88&0&0000","OK","Display","NVIDIA Quadro M2000","System.String[]"
"USB Input Device","USB\VID_413C&PID_4503&MI_00\7&B5C5EB6&0&0000","Unknown","HIDClass","USB Input Device","System.String[]"
"Microsoft Hyper-V Virtualization Infrastructure Driver","ROOT\VID\0000","OK","System","Microsoft Hyper-V Virtualization Infrastructure Driver","System.String[]"
"Intel(R) Xeon(R) processor P family/Core i7 Integrated Memory Controller - 2041","PCI\VEN_8086&DEV_2041&SUBSYS_07381028&REV_04\3&36CB97A3&0&51","OK","System","Intel(R) Xeon(R) processor P family/Core i7 Integrated Memory Controller - 2041","System.String[]"
"Intel(R) Xeon(R) processor P family/Core i7 Integrated Memory Controller - 2041","PCI\VEN_8086&DEV_2041&SUBSYS_07381028&REV_04\3&36CB97A3&0&61","OK","System","Intel(R) Xeon(R) processor P family/Core i7 Integrated Memory Controller - 2041","System.String[]"
"USB Composite Device","USB\VID_046D&PID_C52B\5&129774C1&0&3","Unknown","USB","USB Composite Device","System.String[]"
"EMBERTON","BTHENUM\DEV_0421446BBFFB\7&B265E0C&0&BLUETOOTHDEVICE_0421446BBFFB","OK","Bluetooth","EMBERTON","System.String[]"
"USB Composite Device","USB\VID_046D&PID_0826\9A09EC10","Unknown","USB","USB Composite Device","System.String[]"
"Movies","SWD\WPDBUSENUM\_??_USBSTOR#DISK&VEN_&PROD_USB_DISK_3.0&REV_PMAP#07190C73F88BEB45&0#{53F56307-B6BF-11D0-94F2-00A0C91EFB8B}","Unknown","WPD","Movies",
"Headset (E7 Hands-Free)","SWD\MMDEVAPI\{0.0.0.00000000}.{AE3D3CDE-FAD1-4DF7-BCF6-8C684F878888}","Unknown","AudioEndpoint","Headset (E7 Hands-Free)","System.String[]"
"USB Composite Device","USB\VID_046D&PID_C534\6&3183D08&0&2","Unknown","USB","USB Composite Device","System.String[]"
"Composite Bus Enumerator","ROOT\COMPOSITEBUS\0000","OK","System","Composite Bus Enumerator","System.String[]"
"Bluetooth Device (RFCOMM Protocol TDI)","BTH\MS_RFCOMM\6&191B35EC&0&0","OK","Bluetooth","Bluetooth Device (RFCOMM Protocol TDI)","System.String[]"
"Microsoft Virtual Drive Enumerator","ROOT\VDRVROOT\0000","OK","System","Microsoft Virtual Drive Enumerator","System.String[]"
"HID-compliant system controller","HID\VID_046D&PID_C52B&MI_01&COL03\7&39DE0742&0&0002","Unknown","HIDClass","HID-compliant system controller","System.String[]"
"Bluetooth Device (Personal Area Network)","BTH\MS_BTHPAN\6&191B35EC&0&2","OK","Net","Bluetooth Device (Personal Area Network)","System.String[]"
"HID Keyboard Device","HID\VID_1532&PID_0084&MI_01&COL01\7&337D3F2A&1&0000","OK","Keyboard","HID Keyboard Device","System.String[]"
"Intel(R) Xeon(R) processor P family/Core i7 PCU Registers - 2083","PCI\VEN_8086&DEV_2083&SUBSYS_07381028&REV_04\3&2411E6FE&0&F3","OK","System","Intel(R) Xeon(R) processor P family/Core i7 PCU Registers - 2083","System.String[]"
"HID-compliant consumer control device","HID\VID_046D&PID_C52B&MI_01&COL02\8&2CF18200&0&0001","Unknown","HIDClass","HID-compliant consumer control device","System.String[]"
"Volume","STORAGE\VOLUME\{882ED161-E4D1-11EC-A496-806E6F6E6963}#0000000021400000","OK","Volume","Volume","System.String[]"
"Microsoft Storage Spaces Controller","ROOT\SPACEPORT\0000","OK","SCSIAdapter","Microsoft Storage Spaces Controller","System.String[]"
"Intel(R) Xeon(R) processor P family/Core i7 LM Channel 2 - 2049","PCI\VEN_8086&DEV_2049&SUBSYS_07381028&REV_04\3&36CB97A3&0&59","OK","System","Intel(R) Xeon(R) processor P family/Core i7 LM Channel 2 - 2049","System.String[]"
"Intel(R) Xeon(R) processor P family/Core i7 LM Channel 2 - 2049","PCI\VEN_8086&DEV_2049&SUBSYS_07381028&REV_04\3&36CB97A3&0&69","OK","System","Intel(R) Xeon(R) processor P family/Core i7 LM Channel 2 - 2049","System.String[]"
"HID-compliant device","HID\VID_1532&PID_0084&MI_03\7&1E42AD9F&0&0000","OK","HIDClass","HID-compliant device","System.String[]"
"Intel(R) Xeon(R) processor P family/Core i7 CHA Registers - 2055","PCI\VEN_8086&DEV_2055&SUBSYS_07381028&REV_04\3&2411E6FE&0&E9","OK","System","Intel(R) Xeon(R) processor P family/Core i7 CHA Registers - 2055","System.String[]"
"Microsoft Windows Management Interface for ACPI","ACPI\PNP0C14\23","OK","System","Microsoft Windows Management Interface for ACPI","System.String[]"
"LG HDR 4K (2- NVIDIA High Definition Audio)","SWD\MMDEVAPI\{0.0.0.00000000}.{017D112A-A59B-4E6F-8077-FC4FAE904D25}","OK","AudioEndpoint","LG HDR 4K (2- NVIDIA High Definition Audio)","System.String[]"
"Intel(R) Xeon(R) processor P family/Core i7 DMI3 Port - 2020","PCI\VEN_8086&DEV_2020&SUBSYS_07381028&REV_04\3&11583659&0&00","OK","System","Intel(R) Xeon(R) processor P family/Core i7 DMI3 Port - 2020","System.String[]"
"Volume","STORAGE\VOLUME\{882ED161-E4D1-11EC-A496-806E6F6E6963}#000001FB35F00000","OK","Volume","Volume","System.String[]"
"Generic Access Profile","BTHLEDEVICE\{00001800-0000-1000-8000-00805F9B34FB}_DEV_VID&02046D_PID&B35B_REV&0013_EEA0065980A5\8&16721691&0&0001","OK","Bluetooth","Generic Access Profile","System.String[]"
"Communications Port (COM1)","ACPI\PNP0501\0","OK","Ports","Communications Port (COM1)","System.String[]"
"HID-compliant vendor-defined device","HID\{00001812-0000-1000-8000-00805F9B34FB}_DEV_VID&02046D_PID&B35B_REV&0013_EEA0065980A5&COL04\9&31D1F8C4&0&0003","OK","HIDClass","HID-compliant vendor-defined device","System.String[]"
"Intel(R) PCI Express Root Port #7 - A296","PCI\VEN_8086&DEV_A296&SUBSYS_07381028&REV_F0\3&11583659&0&E6","OK","System","Intel(R) PCI Express Root Port #7 - A296","System.String[]"
"E7 Avrcp Transport","BTHENUM\{0000110E-0000-1000-8000-00805F9B34FB}_LOCALMFG&0002\7&B265E0C&0&FC58FA783748_C00000000","OK","Bluetooth","E7 Avrcp Transport","System.String[]"
"Bluetooth LE Generic Attribute Service","BTHLEDEVICE\{00010000-0000-1000-8000-011F2000046D}_DEV_VID&02046D_PID&B35B_REV&0013_EEA0065980A5\8&16721691&0&0048","OK","Bluetooth","Bluetooth LE Generic Attribute Service","System.String[]"
"Microsoft Kernel Debug Network Adapter","ROOT\KDNIC\0000","OK","Net","Microsoft Kernel Debug Network Adapter","System.String[]"
"Headphones (Alex’s AirPods)","SWD\MMDEVAPI\{0.0.0.00000000}.{F4E709AB-D3F2-4D00-8836-2AF38F779F14}","Unknown","AudioEndpoint","Headphones (Alex’s AirPods)","System.String[]"
"Bedroom chromecast","SWD\DAFUPNPPROVIDER\UUID:9D35CCB1-ABAE-310E-8BAD-DE390FB0813A","Unknown","SoftwareDevice","Bedroom chromecast","System.String[]"
"Razer Control Device","RZCONTROL\VID_1532&PID_0084&MI_00\8&23F8D516&0","OK","Razer Device","Razer Control Device","System.String[]"
"Generic Non-PnP Monitor","DISPLAY\DEFAULT_MONITOR\5&1ECD3B42&6&UID774401","Unknown","Monitor","Generic Non-PnP Monitor","System.String[]"
"Generic Non-PnP Monitor","DISPLAY\DEFAULT_MONITOR\5&1ECD3B42&6&UID774403","Unknown","Monitor","Generic Non-PnP Monitor","System.String[]"
"Generic Non-PnP Monitor","DISPLAY\DEFAULT_MONITOR\5&1ECD3B42&6&UID774405","Unknown","Monitor","Generic Non-PnP Monitor","System.String[]"
"Generic Non-PnP Monitor","DISPLAY\DEFAULT_MONITOR\5&1ECD3B42&6&UID774407","Unknown","Monitor","Generic Non-PnP Monitor","System.String[]"
"ST10000NM0086-2AA101","SCSI\DISK&VEN_ATA&PROD_ST10000NM0086-2A\4&296A7F82&0&030000","OK","DiskDrive","ST10000NM0086-2AA101","System.String[]"
"EMBERTON Avrcp Transport","BTHENUM\{0000110E-0000-1000-8000-00805F9B34FB}_LOCALMFG&0002\7&B265E0C&0&0421446BBFFB_C00000000","OK","Bluetooth","EMBERTON Avrcp Transport","System.String[]"
"Generic volume shadow copy","STORAGE\VOLUMESNAPSHOT\HARDDISKVOLUMESNAPSHOT1","OK","VolumeSnapshot","Generic volume shadow copy","System.String[]"
"Generic volume shadow copy","STORAGE\VOLUMESNAPSHOT\HARDDISKVOLUMESNAPSHOT2","Unknown","VolumeSnapshot","Generic volume shadow copy","System.String[]"
"Generic volume shadow copy","STORAGE\VOLUMESNAPSHOT\HARDDISKVOLUMESNAPSHOT3","OK","VolumeSnapshot","Generic volume shadow copy","System.String[]"
"Generic volume shadow copy","STORAGE\VOLUMESNAPSHOT\HARDDISKVOLUMESNAPSHOT4","OK","VolumeSnapshot","Generic volume shadow copy","System.String[]"
"Generic volume shadow copy","STORAGE\VOLUMESNAPSHOT\HARDDISKVOLUMESNAPSHOT5","OK","VolumeSnapshot","Generic volume shadow copy","System.String[]"
"Generic volume shadow copy","STORAGE\VOLUMESNAPSHOT\HARDDISKVOLUMESNAPSHOT6","OK","VolumeSnapshot","Generic volume shadow copy","System.String[]"
"Generic volume shadow copy","STORAGE\VOLUMESNAPSHOT\HARDDISKVOLUMESNAPSHOT7","OK","VolumeSnapshot","Generic volume shadow copy","System.String[]"
"Generic volume shadow copy","STORAGE\VOLUMESNAPSHOT\HARDDISKVOLUMESNAPSHOT8","Unknown","VolumeSnapshot","Generic volume shadow copy","System.String[]"
"Generic volume shadow copy","STORAGE\VOLUMESNAPSHOT\HARDDISKVOLUMESNAPSHOT9","Unknown","VolumeSnapshot","Generic volume shadow copy","System.String[]"
"Intel(R) Xeon(R) processor P family/Core i7 LMS Channel 2 - 204A","PCI\VEN_8086&DEV_204A&SUBSYS_07381028&REV_04\3&36CB97A3&0&5A","OK","System","Intel(R) Xeon(R) processor P family/Core i7 LMS Channel 2 - 204A","System.String[]"
"Intel(R) Xeon(R) processor P family/Core i7 LMS Channel 2 - 204A","PCI\VEN_8086&DEV_204A&SUBSYS_07381028&REV_04\3&36CB97A3&0&6A","OK","System","Intel(R) Xeon(R) processor P family/Core i7 LMS Channel 2 - 204A","System.String[]"
"ACTON III","BTHENUM\DEV_6C47604EDC78\7&B265E0C&0&BLUETOOTHDEVICE_6C47604EDC78","OK","Bluetooth","ACTON III","System.String[]"
"High Definition Audio Controller","PCI\VEN_10DE&DEV_0FBA&SUBSYS_11901028&REV_A1\4&AF64B88&0&0100","OK","System","High Definition Audio Controller","System.String[]"
"Intel(R) Thermal subsystem - A2B1","PCI\VEN_8086&DEV_A2B1&SUBSYS_07381028&REV_00\3&11583659&0&A2","OK","System","Intel(R) Thermal subsystem - A2B1","System.String[]"
"Volume","STORAGE\VOLUME\{882ED161-E4D1-11EC-A496-806E6F6E6963}#000001775FF00000","OK","Volume","Volume","System.String[]"
"LG HDR 4K (2- NVIDIA High Definition Audio)","SWD\MMDEVAPI\{0.0.0.00000000}.{7AFC1ECD-153A-4D5A-9EE6-7DA3A9874D07}","OK","AudioEndpoint","LG HDR 4K (2- NVIDIA High Definition Audio)","System.String[]"
"Microsoft Print to PDF","SWD\PRINTENUM\{FB566511-5463-47C9-9657-6787E06BCB13}","OK","PrintQueue","Microsoft Print to PDF","System.String[]"
"Dell Universal Receiver HID-compliant vendor-defined device","HID\VID_413C&PID_4503&MI_02&COL02\8&37AF421F&0&0001","Unknown","HIDClass","Dell Universal Receiver HID-compliant vendor-defined device","System.String[]"
"Volume","STORAGE\VOLUME\{882ED162-E4D1-11EC-A496-806E6F6E6963}#0000000000004400","OK","Volume","Volume","System.String[]"
"LG HDR 4K (2- NVIDIA High Definition Audio)","SWD\MMDEVAPI\{0.0.0.00000000}.{803128C0-E116-447C-8D4E-BAE337574A21}","Unknown","AudioEndpoint","LG HDR 4K (2- NVIDIA High Definition Audio)","System.String[]"
"Volume","STORAGE\VOLUME\{882ED162-E4D1-11EC-A496-806E6F6E6963}#000001D7F6800000","OK","Volume","Volume","System.String[]"
"UMBus Enumerator","UMB\UMB\1&841921D&0&TS_USB_HUB_ENUMERATOR","Unknown","System","UMBus Enumerator","System.String[]"
"Motherboard resources","ACPI\PNP0C02\PCHRESV","OK","System","Motherboard resources","System.String[]"
"TCL 8132 Sound Bar Avrcp Transport","BTHENUM\{0000110C-0000-1000-8000-00805F9B34FB}_VID&0001000F_PID&1200\7&B265E0C&0&2CFDB3C85F48_C00000000","OK","Bluetooth","TCL 8132 Sound Bar Avrcp Transport","System.String[]"
"LG HDR 4K (2- NVIDIA High Definition Audio)","SWD\MMDEVAPI\{0.0.0.00000000}.{0ADEEDFF-397B-4336-910C-8A6DF201662B}","Unknown","AudioEndpoint","LG HDR 4K (2- NVIDIA High Definition Audio)","System.String[]"
"HID-compliant vendor-defined device","HID\VID_046D&PID_C534&MI_01&COL04\8&2562B3F7&0&0003","Unknown","HIDClass","HID-compliant vendor-defined device","System.String[]"
"Wi-Fi 2","SWD\RADIO\{DE50E9CA-E602-46CF-AC83-8945E16ED9A3}","Unknown","SoftwareDevice","Wi-Fi 2",
"Microsoft Hyper-V NT Kernel Integration VSP","ROOT\VKRNLINTVSP\0000","OK","System","Microsoft Hyper-V NT Kernel Integration VSP","System.String[]"
"HID-compliant vendor-defined device","HID\VID_046D&PID_C52B&MI_02&COL02\8&3801AC30&0&0001","Unknown","HIDClass","HID-compliant vendor-defined device","System.String[]"
"Intel(R) Xeon(R) processor P family/Core i7 PCU Registers - 2080","PCI\VEN_8086&DEV_2080&SUBSYS_07381028&REV_04\3&2411E6FE&0&F0","OK","System","Intel(R) Xeon(R) processor P family/Core i7 PCU Registers - 2080","System.String[]"
"Speakers (ACTON III)","SWD\MMDEVAPI\{0.0.0.00000000}.{067C8B56-C926-44B2-8513-35F727ADF6BE}","Unknown","AudioEndpoint","Speakers (ACTON III)","System.String[]"
"Wi-Fi","SWD\RADIO\{2AFC52F9-3444-40D7-AF1E-B0DD88FE327A}","Unknown","SoftwareDevice","Wi-Fi",
"Generic PnP Monitor","DISPLAY\GSM774F\1&8713BCA&0&UID0","Unknown","Monitor","Generic PnP Monitor","System.String[]"
"Wi-Fi 2","SWD\RADIO\{B52D5C1A-B262-41DA-97CC-8F05BD2F5190}","Unknown","SoftwareDevice","Wi-Fi 2",
"High precision event timer","ACPI\PNP0103\4&3816902A&0","OK","System","High precision event timer","System.String[]"
"Volume","STORAGE\VOLUME\{882ED161-E4D1-11EC-A496-806E6F6E6963}#000001A351F00000","OK","Volume","Volume","System.String[]"
"Intel(R) Xeon(R) processor P family/Core i7 LMS Channel 1 - 2046","PCI\VEN_8086&DEV_2046&SUBSYS_07381028&REV_04\3&36CB97A3&0&56","OK","System","Intel(R) Xeon(R) processor P family/Core i7 LMS Channel 1 - 2046","System.String[]"
"Intel(R) Xeon(R) processor P family/Core i7 LMS Channel 1 - 2046","PCI\VEN_8086&DEV_2046&SUBSYS_07381028&REV_04\3&36CB97A3&0&66","OK","System","Intel(R) Xeon(R) processor P family/Core i7 LMS Channel 1 - 2046","System.String[]"
"USB Input Device","USB\VID_1532&PID_0084&MI_03\6&2E0CAF7&0&0003","OK","HIDClass","USB Input Device","System.String[]"
"Headset (E7 Hands-Free)","SWD\MMDEVAPI\{0.0.0.00000000}.{8E14CC62-F866-409B-B78B-539C753FF239}","Unknown","AudioEndpoint","Headset (E7 Hands-Free)","System.String[]"
"Intel(R) Xeon(R) processor P family/Core i7 Ubox Registers - 2014","PCI\VEN_8086&DEV_2014&SUBSYS_07381028&REV_04\3&11583659&0&40","OK","System","Intel(R) Xeon(R) processor P family/Core i7 Ubox Registers - 2014","System.String[]"
"Volume","STORAGE\VOLUME\{882ED162-E4D1-11EC-A496-806E6F6E6963}#0000025BCC800000","OK","Volume","Volume","System.String[]"
"HID-compliant consumer control device","HID\VID_046D&PID_C52B&MI_01&COL02\8&26EEC2E0&0&0001","Unknown","HIDClass","HID-compliant consumer control device","System.String[]"
"Intel(R) iCLS Client","SWD\DRIVERENUM\OEM_ICLS_COMPONENT&4&3C1AF6B&0","OK","SoftwareComponent","Intel(R) iCLS Client","System.String[]"
"Volume","STORAGE\VOLUME\{756BD17C-03E4-11ED-A4D5-984827E35863}#0000000008100000","Unknown","Volume","Volume","System.String[]"
"Intel(R) Management Engine Interface #1","PCI\VEN_8086&DEV_A2BA&SUBSYS_07381028&REV_00\3&11583659&0&B0","OK","System","Intel(R) Management Engine Interface #1","System.String[]"
"AAP Server","BTHENUM\{74EC2172-0BAD-4D01-8F77-997B2BE0722A}_VID&0001004C_PID&2002\7&B265E0C&0&94B01FA9D419_C00000000","OK",,"AAP Server","System.String[]"
"E7 Avrcp Transport","BTHENUM\{0000110C-0000-1000-8000-00805F9B34FB}_LOCALMFG&0002\7&B265E0C&0&FC58FA783748_C00000000","OK","Bluetooth","E7 Avrcp Transport","System.String[]"
"Intel(R) 200 Series Chipset Family LPC Controller (C422) - A2D3","PCI\VEN_8086&DEV_A2D3&SUBSYS_07381028&REV_00\3&11583659&0&F8","OK","System","Intel(R) 200 Series Chipset Family LPC Controller (C422) - A2D3","System.String[]"
"Volume","STORAGE\VOLUME\{882ED160-E4D1-11EC-A496-806E6F6E6963}#000000001F400000","OK","Volume","Volume","System.String[]"
"USB Input Device","USB\VID_1532&PID_0084&MI_02\6&2E0CAF7&0&0002","OK","HIDClass","USB Input Device","System.String[]"
"Intel(R) Xeon(R) processor P family/Core i7 RAS Configuration Registers - 2035","PCI\VEN_8086&DEV_2035&SUBSYS_00000000&REV_04\3&3AA59A3&0&2A","OK","System","Intel(R) Xeon(R) processor P family/Core i7 RAS Configuration Registers - 2035","System.String[]"
"EMBERTON Avrcp Transport","BTHENUM\{0000110C-0000-1000-8000-00805F9B34FB}_LOCALMFG&0002\7&B265E0C&0&0421446BBFFB_C00000000","OK","Bluetooth","EMBERTON Avrcp Transport","System.String[]"
"Volume","STORAGE\VOLUME\{882ED161-E4D1-11EC-A496-806E6F6E6963}#0000000020400000","OK","Volume","Volume","System.String[]"
"Volume","STORAGE\VOLUME\{882ED162-E4D1-11EC-A496-806E6F6E6963}#0000000001000000","OK","Volume","Volume","System.String[]"
"USB Input Device","USB\VID_1532&PID_0084&MI_01\6&2E0CAF7&0&0001","OK","HIDClass","USB Input Device","System.String[]"
"UMBus Root Bus Enumerator","ROOT\UMBUS\0000","OK","System","UMBus Root Bus Enumerator","System.String[]"
"Volume","STORAGE\VOLUME\{882ED162-E4D1-11EC-A496-806E6F6E6963}#00000287BE800000","OK","Volume","Volume","System.String[]"
"HID Keyboard Device","HID\{00001812-0000-1000-8000-00805F9B34FB}_DEV_VID&02046D_PID&B369_REV&0007_DB209F422280&COL01\9&235D9243&0&0000","Unknown","Keyboard","HID Keyboard Device","System.String[]"
"WDMyCloudEX4","SWD\DAFUPNPPROVIDER\UUID:55076F6E-6B79-4D65-64CF-0090A96B5866","Unknown","DigitalMediaDevices","WDMyCloudEX4","System.String[]"
"Advanced programmable interrupt controller","ACPI\PNP0003\3&11583659&0","OK","System","Advanced programmable interrupt controller","System.String[]"
"Hitachi HUA723030ALA640","SCSI\DISK&VEN_ATA&PROD_HITACHI_HUA72303\4&296A7F82&0&000000","OK","DiskDrive","Hitachi HUA723030ALA640","System.String[]"
"USB DISK","SWD\WPDBUSENUM\_??_USBSTOR#DISK&VEN_&PROD_USB_DISK_3.0&REV_PMAP#07190C73EC8DE198&0#{53F56307-B6BF-11D0-94F2-00A0C91EFB8B}","Unknown","WPD","USB DISK",
"Wi-Fi","SWD\RADIO\{56F92D8A-2809-40CF-B9A6-8E40EDFD04ED}","Unknown","SoftwareDevice","Wi-Fi",
"Razer DeathAdder V2","USB\VID_1532&PID_0084&MI_00\6&2E0CAF7&0&0000","OK","HIDClass","Razer DeathAdder V2","System.String[]"
"Intel(R) Xeon(R) W-2155 CPU @ 3.30GHz","ACPI\GENUINEINTEL_-_INTEL64_FAMILY_6_MODEL_85_-_INTEL(R)_XEON(R)_W-2155_CPU_@_3.30GHZ\10","OK","Processor","Intel(R) Xeon(R) W-2155 CPU @ 3.30GHz","System.String[]"
"Intel(R) Xeon(R) W-2155 CPU @ 3.30GHz","ACPI\GENUINEINTEL_-_INTEL64_FAMILY_6_MODEL_85_-_INTEL(R)_XEON(R)_W-2155_CPU_@_3.30GHZ\11","OK","Processor","Intel(R) Xeon(R) W-2155 CPU @ 3.30GHz","System.String[]"
"Intel(R) Xeon(R) W-2155 CPU @ 3.30GHz","ACPI\GENUINEINTEL_-_INTEL64_FAMILY_6_MODEL_85_-_INTEL(R)_XEON(R)_W-2155_CPU_@_3.30GHZ\12","OK","Processor","Intel(R) Xeon(R) W-2155 CPU @ 3.30GHz","System.String[]"
"Intel(R) Xeon(R) W-2155 CPU @ 3.30GHz","ACPI\GENUINEINTEL_-_INTEL64_FAMILY_6_MODEL_85_-_INTEL(R)_XEON(R)_W-2155_CPU_@_3.30GHZ\13","OK","Processor","Intel(R) Xeon(R) W-2155 CPU @ 3.30GHz","System.String[]"
"Intel(R) Xeon(R) W-2155 CPU @ 3.30GHz","ACPI\GENUINEINTEL_-_INTEL64_FAMILY_6_MODEL_85_-_INTEL(R)_XEON(R)_W-2155_CPU_@_3.30GHZ\_0","OK","Processor","Intel(R) Xeon(R) W-2155 CPU @ 3.30GHz","System.String[]"
"Intel(R) Xeon(R) W-2155 CPU @ 3.30GHz","ACPI\GENUINEINTEL_-_INTEL64_FAMILY_6_MODEL_85_-_INTEL(R)_XEON(R)_W-2155_CPU_@_3.30GHZ\_1","OK","Processor","Intel(R) Xeon(R) W-2155 CPU @ 3.30GHz","System.String[]"
"Intel(R) Xeon(R) W-2155 CPU @ 3.30GHz","ACPI\GENUINEINTEL_-_INTEL64_FAMILY_6_MODEL_85_-_INTEL(R)_XEON(R)_W-2155_CPU_@_3.30GHZ\_2","OK","Processor","Intel(R) Xeon(R) W-2155 CPU @ 3.30GHz","System.String[]"
"Intel(R) Xeon(R) W-2155 CPU @ 3.30GHz","ACPI\GENUINEINTEL_-_INTEL64_FAMILY_6_MODEL_85_-_INTEL(R)_XEON(R)_W-2155_CPU_@_3.30GHZ\_3","OK","Processor","Intel(R) Xeon(R) W-2155 CPU @ 3.30GHz","System.String[]"
"Intel(R) Xeon(R) W-2155 CPU @ 3.30GHz","ACPI\GENUINEINTEL_-_INTEL64_FAMILY_6_MODEL_85_-_INTEL(R)_XEON(R)_W-2155_CPU_@_3.30GHZ\_4","OK","Processor","Intel(R) Xeon(R) W-2155 CPU @ 3.30GHz","System.String[]"
"Intel(R) Xeon(R) W-2155 CPU @ 3.30GHz","ACPI\GENUINEINTEL_-_INTEL64_FAMILY_6_MODEL_85_-_INTEL(R)_XEON(R)_W-2155_CPU_@_3.30GHZ\_5","OK","Processor","Intel(R) Xeon(R) W-2155 CPU @ 3.30GHz","System.String[]"
"Intel(R) Xeon(R) W-2155 CPU @ 3.30GHz","ACPI\GENUINEINTEL_-_INTEL64_FAMILY_6_MODEL_85_-_INTEL(R)_XEON(R)_W-2155_CPU_@_3.30GHZ\_6","OK","Processor","Intel(R) Xeon(R) W-2155 CPU @ 3.30GHz","System.String[]"
"Intel(R) Xeon(R) W-2155 CPU @ 3.30GHz","ACPI\GENUINEINTEL_-_INTEL64_FAMILY_6_MODEL_85_-_INTEL(R)_XEON(R)_W-2155_CPU_@_3.30GHZ\_7","OK","Processor","Intel(R) Xeon(R) W-2155 CPU @ 3.30GHz","System.String[]"
"Intel(R) Xeon(R) W-2155 CPU @ 3.30GHz","ACPI\GENUINEINTEL_-_INTEL64_FAMILY_6_MODEL_85_-_INTEL(R)_XEON(R)_W-2155_CPU_@_3.30GHZ\_8","OK","Processor","Intel(R) Xeon(R) W-2155 CPU @ 3.30GHz","System.String[]"
"Intel(R) Xeon(R) W-2155 CPU @ 3.30GHz","ACPI\GENUINEINTEL_-_INTEL64_FAMILY_6_MODEL_85_-_INTEL(R)_XEON(R)_W-2155_CPU_@_3.30GHZ\_9","OK","Processor","Intel(R) Xeon(R) W-2155 CPU @ 3.30GHz","System.String[]"
"Intel(R) Xeon(R) W-2155 CPU @ 3.30GHz","ACPI\GENUINEINTEL_-_INTEL64_FAMILY_6_MODEL_85_-_INTEL(R)_XEON(R)_W-2155_CPU_@_3.30GHZ\_A","OK","Processor","Intel(R) Xeon(R) W-2155 CPU @ 3.30GHz","System.String[]"
"Intel(R) Xeon(R) W-2155 CPU @ 3.30GHz","ACPI\GENUINEINTEL_-_INTEL64_FAMILY_6_MODEL_85_-_INTEL(R)_XEON(R)_W-2155_CPU_@_3.30GHZ\_B","OK","Processor","Intel(R) Xeon(R) W-2155 CPU @ 3.30GHz","System.String[]"
"Intel(R) Xeon(R) W-2155 CPU @ 3.30GHz","ACPI\GENUINEINTEL_-_INTEL64_FAMILY_6_MODEL_85_-_INTEL(R)_XEON(R)_W-2155_CPU_@_3.30GHZ\_C","OK","Processor","Intel(R) Xeon(R) W-2155 CPU @ 3.30GHz","System.String[]"
"Intel(R) Xeon(R) W-2155 CPU @ 3.30GHz","ACPI\GENUINEINTEL_-_INTEL64_FAMILY_6_MODEL_85_-_INTEL(R)_XEON(R)_W-2155_CPU_@_3.30GHZ\_D","OK","Processor","Intel(R) Xeon(R) W-2155 CPU @ 3.30GHz","System.String[]"
"Intel(R) Xeon(R) W-2155 CPU @ 3.30GHz","ACPI\GENUINEINTEL_-_INTEL64_FAMILY_6_MODEL_85_-_INTEL(R)_XEON(R)_W-2155_CPU_@_3.30GHZ\_E","OK","Processor","Intel(R) Xeon(R) W-2155 CPU @ 3.30GHz","System.String[]"
"Intel(R) Xeon(R) W-2155 CPU @ 3.30GHz","ACPI\GENUINEINTEL_-_INTEL64_FAMILY_6_MODEL_85_-_INTEL(R)_XEON(R)_W-2155_CPU_@_3.30GHZ\_F","OK","Processor","Intel(R) Xeon(R) W-2155 CPU @ 3.30GHz","System.String[]"
"HID-compliant vendor-defined device","HID\VID_046D&PID_C52B&MI_01&COL04\7&39DE0742&0&0003","Unknown","HIDClass","HID-compliant vendor-defined device","System.String[]"
"Microsoft Radio Device Enumeration Bus","SWD\RADIO\{3DB5895D-CC28-44B3-AD3D-6F01A782B8D2}","OK","SoftwareDevice","Microsoft Radio Device Enumeration Bus",
"Bluetooth Low Energy GATT compliant HID device","BTHLEDEVICE\{00001812-0000-1000-8000-00805F9B34FB}_DEV_VID&02046D_PID&B35B_REV&0013_EEA0065980A5\8&16721691&0&0021","OK","HIDClass","Bluetooth Low Energy GATT compliant HID device","System.String[]"
"HID-compliant consumer control device","HID\VID_1532&PID_0084&MI_01&COL02\7&337D3F2A&1&0001","OK","HIDClass","HID-compliant consumer control device","System.String[]"
"HID-compliant system controller","HID\VID_046D&PID_C52B&MI_01&COL03\8&2CF18200&0&0002","Unknown","HIDClass","HID-compliant system controller","System.String[]"
"Generic volume shadow copy","STORAGE\VOLUMESNAPSHOT\HARDDISKVOLUMESNAPSHOT10","Unknown","VolumeSnapshot","Generic volume shadow copy","System.String[]"
"Generic volume shadow copy","STORAGE\VOLUMESNAPSHOT\HARDDISKVOLUMESNAPSHOT11","Unknown","VolumeSnapshot","Generic volume shadow copy","System.String[]"
"Generic volume shadow copy","STORAGE\VOLUMESNAPSHOT\HARDDISKVOLUMESNAPSHOT12","Unknown","VolumeSnapshot","Generic volume shadow copy","System.String[]"
"Generic volume shadow copy","STORAGE\VOLUMESNAPSHOT\HARDDISKVOLUMESNAPSHOT13","Unknown","VolumeSnapshot","Generic volume shadow copy","System.String[]"
"Generic volume shadow copy","STORAGE\VOLUMESNAPSHOT\HARDDISKVOLUMESNAPSHOT14","Unknown","VolumeSnapshot","Generic volume shadow copy","System.String[]"
"Generic volume shadow copy","STORAGE\VOLUMESNAPSHOT\HARDDISKVOLUMESNAPSHOT15","Unknown","VolumeSnapshot","Generic volume shadow copy","System.String[]"
"Generic volume shadow copy","STORAGE\VOLUMESNAPSHOT\HARDDISKVOLUMESNAPSHOT16","Unknown","VolumeSnapshot","Generic volume shadow copy","System.String[]"
"Generic volume shadow copy","STORAGE\VOLUMESNAPSHOT\HARDDISKVOLUMESNAPSHOT17","Unknown","VolumeSnapshot","Generic volume shadow copy","System.String[]"
"Generic volume shadow copy","STORAGE\VOLUMESNAPSHOT\HARDDISKVOLUMESNAPSHOT18","Unknown","VolumeSnapshot","Generic volume shadow copy","System.String[]"
"Generic volume shadow copy","STORAGE\VOLUMESNAPSHOT\HARDDISKVOLUMESNAPSHOT19","Unknown","VolumeSnapshot","Generic volume shadow copy","System.String[]"
"Generic volume shadow copy","STORAGE\VOLUMESNAPSHOT\HARDDISKVOLUMESNAPSHOT20","Unknown","VolumeSnapshot","Generic volume shadow copy","System.String[]"
"Generic volume shadow copy","STORAGE\VOLUMESNAPSHOT\HARDDISKVOLUMESNAPSHOT21","Unknown","VolumeSnapshot","Generic volume shadow copy","System.String[]"
"Generic volume shadow copy","STORAGE\VOLUMESNAPSHOT\HARDDISKVOLUMESNAPSHOT22","Unknown","VolumeSnapshot","Generic volume shadow copy","System.String[]"
"Generic volume shadow copy","STORAGE\VOLUMESNAPSHOT\HARDDISKVOLUMESNAPSHOT23","Unknown","VolumeSnapshot","Generic volume shadow copy","System.String[]"
"Generic volume shadow copy","STORAGE\VOLUMESNAPSHOT\HARDDISKVOLUMESNAPSHOT24","Unknown","VolumeSnapshot","Generic volume shadow copy","System.String[]"
"Generic volume shadow copy","STORAGE\VOLUMESNAPSHOT\HARDDISKVOLUMESNAPSHOT25","Unknown","VolumeSnapshot","Generic volume shadow copy","System.String[]"
"NVIDIA High Definition Audio","HDAUDIO\FUNC_01&VEN_10DE&DEV_001C&SUBSYS_103C102F&REV_1001\5&4780CCF&0&0001","OK","MEDIA","NVIDIA High Definition Audio","System.String[]"
"E7","BTHENUM\DEV_FC58FA783748\7&B265E0C&0&BLUETOOTHDEVICE_FC58FA783748","OK","Bluetooth","E7","System.String[]"
"Microsoft Device Association Root Enumerator","SWD\MSDAS\{CE958E9A-424F-4C88-86F4-11314821E75A}","OK","SoftwareDevice","Microsoft Device Association Root Enumerator",
"ACPI x64-based PC","ROOT\ACPI_HAL\0000","OK","Computer","ACPI x64-based PC","System.String[]"
"USB DISK 3.0 USB Device","USBSTOR\DISK&VEN_&PROD_USB_DISK_3.0&REV_PMAP\07190C73F88BEB45&0","Unknown","DiskDrive","USB DISK 3.0 USB Device","System.String[]"
"Volume","STORAGE\VOLUME\{882ED161-E4D1-11EC-A496-806E6F6E6963}#000001CF43F00000","OK","Volume","Volume","System.String[]"
"Signa S2","BTHENUM\{0000110B-0000-1000-8000-00805F9B34FB}_VID&0002099A_PID&0500\7&B265E0C&0&88D0397F939D_C00000000","OK","MEDIA","Signa S2","System.String[]"
"Programmable interrupt controller","ACPI\PNP0000\4&3816902A&0","OK","System","Programmable interrupt controller","System.String[]"
"USB Root Hub (USB 3.0)","USB\ROOT_HUB30\4&485095D&0&0","OK","USB","USB Root Hub (USB 3.0)","System.String[]"
"Generic PnP Monitor","DISPLAY\GSM774F\5&1ECD3B42&7&UID774401","OK","Monitor","Generic PnP Monitor","System.String[]"
"Generic PnP Monitor","DISPLAY\GSM774F\5&1ECD3B42&7&UID774403","OK","Monitor","Generic PnP Monitor","System.String[]"
"Generic PnP Monitor","DISPLAY\GSM774F\5&1ECD3B42&7&UID774405","OK","Monitor","Generic PnP Monitor","System.String[]"
"Generic PnP Monitor","DISPLAY\GSM774F\5&1ECD3B42&7&UID774407","OK","Monitor","Generic PnP Monitor","System.String[]"
"PCI Express Root Complex","ACPI\PNP0A08\0","OK","System","PCI Express Root Complex","System.String[]"
"PCI Express Root Complex","ACPI\PNP0A08\1","OK","System","PCI Express Root Complex","System.String[]"
"PCI Express Root Complex","ACPI\PNP0A08\2","OK","System","PCI Express Root Complex","System.String[]"
"PCI Express Root Complex","ACPI\PNP0A08\3","OK","System","PCI Express Root Complex","System.String[]"
"Intel(R) Xeon(R) processor P family/Core i7 Integrated Memory Controller - 2043","PCI\VEN_8086&DEV_2043&SUBSYS_07381028&REV_04\3&36CB97A3&0&53","OK","System","Intel(R) Xeon(R) processor P family/Core i7 Integrated Memory Controller - 2043","System.String[]"
"Intel(R) Xeon(R) processor P family/Core i7 Integrated Memory Controller - 2043","PCI\VEN_8086&DEV_2043&SUBSYS_07381028&REV_04\3&36CB97A3&0&63","OK","System","Intel(R) Xeon(R) processor P family/Core i7 Integrated Memory Controller - 2043","System.String[]"
"Volume","STORAGE\VOLUME\{882ED160-E4D1-11EC-A496-806E6F6E6963}#0000000027400000","OK","Volume","Volume","System.String[]"
"Logitech USB Input Device","USB\VID_046D&PID_C52B&MI_00\7&2F158407&0&0000","Unknown","HIDClass","Logitech USB Input Device","System.String[]"
"HID-compliant vendor-defined device","HID\VID_046D&PID_C52B&MI_02&COL01\8&13BEA6A2&0&0000","Unknown","HIDClass","HID-compliant vendor-defined device","System.String[]"
"Generic Attribute Profile","BTHLEDEVICE\{00001801-0000-1000-8000-00805F9B34FB}_DEV_VID&02046D_PID&B35B_REV&0013_EEA0065980A5\8&16721691&0&000A","OK","Bluetooth","Generic Attribute Profile","System.String[]"
"Intel(R) Xeon(R) processor P family/Core i7 PCU Registers - 2085","PCI\VEN_8086&DEV_2085&SUBSYS_07381028&REV_04\3&2411E6FE&0&F5","OK","System","Intel(R) Xeon(R) processor P family/Core i7 PCU Registers - 2085","System.String[]"
"Generic SuperSpeed USB Hub","USB\VID_0BDA&PID_0411\5&129774C1&0&26","OK","USB","Generic SuperSpeed USB Hub","System.String[]"
"USB Mass Storage Device","USB\VID_13FE&PID_6300\07190C73F88BEB45","Unknown","USB","USB Mass Storage Device","System.String[]"
"Intel(R) PCI Express Root Port #1 - A290","PCI\VEN_8086&DEV_A290&SUBSYS_07381028&REV_F0\3&11583659&0&E0","OK","System","Intel(R) PCI Express Root Port #1 - A290","System.String[]"
"Intel(R) Xeon(R) processor P family/Core i7 M2PCI Registers - 2018","PCI\VEN_8086&DEV_2018&SUBSYS_07381028&REV_04\3&3AA59A3&0&A8","OK","System","Intel(R) Xeon(R) processor P family/Core i7 M2PCI Registers - 2018","System.String[]"
"Intel(R) Xeon(R) processor P family/Core i7 M2PCI Registers - 2018","PCI\VEN_8086&DEV_2018&SUBSYS_07381028&REV_04\3&3AA59A3&0&B0","OK","System","Intel(R) Xeon(R) processor P family/Core i7 M2PCI Registers - 2018","System.String[]"
"Intel(R) Xeon(R) processor P family/Core i7 M2PCI Registers - 2018","PCI\VEN_8086&DEV_2018&SUBSYS_07381028&REV_04\3&3AA59A3&0&B4","OK","System","Intel(R) Xeon(R) processor P family/Core i7 M2PCI Registers - 2018","System.String[]"
"Microsoft Hyper-V PCI Server","ROOT\VPCIVSP\0000","OK","System","Microsoft Hyper-V PCI Server","System.String[]"
"Service Discovery Service","BTHENUM\{00001000-0000-1000-8000-00805F9B34FB}_VID&0001004C_PID&2002\7&B265E0C&0&94B01FA9D419_C00000000","OK","Bluetooth","Service Discovery Service","System.String[]"
"Intel(R) C600+/C220+ series chipset SATA RAID Controller","PCI\VEN_8086&DEV_2826&SUBSYS_07381028&REV_00\3&11583659&0&B8","OK","SCSIAdapter","Intel(R) C600+/C220+ series chipset SATA RAID Controller","System.String[]"
"Microsoft IPP Class Driver","SWD\PRINTENUM\WSD-851E1F51-872C-401B-8EFF-5A4CB4F20C57","OK","Printer","Microsoft IPP Class Driver","System.String[]"
"Airoha_IAP2","BTHENUM\{00000000-DECA-FADE-DECA-DEAFDECACAFF}_VID&00010094_PID&0004\7&B265E0C&0&6C47604EDC78_C00000000","OK",,"Airoha_IAP2","System.String[]"
"Intel(R) Xeon(R) processor P family/Core i7 CHA Registers - 2057","PCI\VEN_8086&DEV_2057&SUBSYS_07381028&REV_04\3&2411E6FE&0&EB","OK","System","Intel(R) Xeon(R) processor P family/Core i7 CHA Registers - 2057","System.String[]"
"HID-compliant consumer control device","HID\VID_FFFF&PID_BACE&REV_0002&MI_00&COL03\3&258C3FBC&0&0002","Unknown","HIDClass","HID-compliant consumer control device","System.String[]"
"Volume","STORAGE\VOLUME\{882ED161-E4D1-11EC-A496-806E6F6E6963}#0000000000004400","OK","Volume","Volume","System.String[]"
"Headset (Alex’s AirPods Hands-Free)","SWD\MMDEVAPI\{0.0.0.00000000}.{31F9D18C-31E2-459C-B5EC-11BA7638D988}","Unknown","AudioEndpoint","Headset (Alex’s AirPods Hands-Free)","System.String[]"
"Microsoft ACPI-Compliant System","ACPI_HAL\PNP0C08\0","OK","System","Microsoft ACPI-Compliant System","System.String[]"
,"HTREE\ROOT\0","OK",,,
"USB Mass Storage Device","USB\VID_0781&PID_5591\04012F661212A3B2CB0CBA4A7051110B077A3781A27B1AA22A719F3A17748ACB67D50000000000000000000026578A28000D181891558107162CA16E","Unknown","USB","USB Mass Storage Device","System.String[]"
"ACTON III Avrcp Transport","BTHENUM\{0000110C-0000-1000-8000-00805F9B34FB}_VID&00010094_PID&0004\7&B265E0C&0&6C47604EDC78_C00000000","OK","Bluetooth","ACTON III Avrcp Transport","System.String[]"
"Microsoft Basic Render Driver","ROOT\BASICRENDER\0000","OK","System","Microsoft Basic Render Driver","System.String[]"
"LG HDR 4K (2- NVIDIA High Definition Audio)","SWD\MMDEVAPI\{0.0.0.00000000}.{F6FAF5F5-1154-44BE-BE02-DE276769A091}","Unknown","AudioEndpoint","LG HDR 4K (2- NVIDIA High Definition Audio)","System.String[]"
"HID-compliant vendor-defined device","HID\VID_046D&PID_C534&MI_01&COL05\8&2562B3F7&0&0004","Unknown","HIDClass","HID-compliant vendor-defined device","System.String[]"
"Intel(R) PCI Express Root Port #9 - A298","PCI\VEN_8086&DEV_A298&SUBSYS_07381028&REV_F0\3&11583659&0&E8","OK","System","Intel(R) PCI Express Root Port #9 - A298","System.String[]"
"Microsoft Hardware Error Device","ACPI\PNP0C33\0","OK","System","Microsoft Hardware Error Device","System.String[]"
"Intel(R) Dynamic Application Loader Host Interface","SWD\DRIVERENUM\OEM_DAL_COMPONENT&4&3C1AF6B&0","OK","SoftwareComponent","Intel(R) Dynamic Application Loader Host Interface","System.String[]"
"HID-compliant vendor-defined device","HID\VID_046D&PID_C52B&MI_02&COL03\8&3801AC30&0&0002","Unknown","HIDClass","HID-compliant vendor-defined device","System.String[]"
"Remote Desktop Camera Bus","UMB\UMB\1&841921D&0&RDCAMERA_BUS","Unknown","System","Remote Desktop Camera Bus","System.String[]"
"UMBus Enumerator","UMB\UMB\1&841921D&0&TSBUS","Unknown","System","UMBus Enumerator","System.String[]"
"USB Composite Device","USB\VID_413C&PID_2113\5&129774C1&0&8","Unknown","USB","USB Composite Device","System.String[]"
"TCL 8132 Sound Bar","BTHENUM\{0000110B-0000-1000-8000-00805F9B34FB}_VID&0001000F_PID&1200\7&B265E0C&0&2CFDB3C85F48_C00000000","OK","MEDIA","TCL 8132 Sound Bar","System.String[]"
"WAN Miniport (SSTP)","SWD\MSRRAS\MS_SSTPMINIPORT","OK","Net","WAN Miniport (SSTP)","System.String[]"
"Volume","STORAGE\VOLUME\{882ED162-E4D1-11EC-A496-806E6F6E6963}#0000022FDA800000","OK","Volume","Volume","System.String[]"
"HID-compliant vendor-defined device","HID\VID_046D&PID_C52B&MI_02&COL01\7&1606C980&0&0000","Unknown","HIDClass","HID-compliant vendor-defined device","System.String[]"
"Bluetooth","SWD\RADIO\BLUETOOTH_001A7DB21086","Unknown","SoftwareDevice","Bluetooth",
"USB Composite Device","USB\VID_1532&PID_0084\5&129774C1&0&5","OK","USB","USB Composite Device","System.String[]"
"USB Mass Storage Device","USB\VID_13FE&PID_6300\07190C73EC8DE198","Unknown","USB","USB Mass Storage Device","System.String[]"
"Microsoft UEFI-Compliant System","ACPI_HAL\UEFI\0","OK","System","Microsoft UEFI-Compliant System","System.String[]"
"HD Webcam C525","USB\VID_046D&PID_0826&MI_02\7&39BEF298&1&0002","Unknown","Camera","HD Webcam C525","System.String[]"
"DellInstrumentation Device","ROOT\DELLINSTRUMENTATION\0000","OK","DellInstrumentation","DellInstrumentation Device","System.String[]"
"Wireless iAP","BTHENUM\{00000000-DECA-FADE-DECA-DEAFDECACAFF}_VID&0001004C_PID&2002\7&B265E0C&0&94B01FA9D419_C00000000","OK",,"Wireless iAP","System.String[]"
"Direct memory access controller","ACPI\PNP0200\4&3816902A&0","OK","System","Direct memory access controller","System.String[]"
"Intel(R) Xeon(R) processor P family/Core i7 CHA Registers - 208E","PCI\VEN_8086&DEV_208E&SUBSYS_07381028&REV_04\3&2411E6FE&0&70","OK","System","Intel(R) Xeon(R) processor P family/Core i7 CHA Registers - 208E","System.String[]"
"Intel(R) Xeon(R) processor P family/Core i7 CHA Registers - 208E","PCI\VEN_8086&DEV_208E&SUBSYS_07381028&REV_04\3&2411E6FE&0&71","OK","System","Intel(R) Xeon(R) processor P family/Core i7 CHA Registers - 208E","System.String[]"
"Intel(R) Xeon(R) processor P family/Core i7 CHA Registers - 208E","PCI\VEN_8086&DEV_208E&SUBSYS_07381028&REV_04\3&2411E6FE&0&72","OK","System","Intel(R) Xeon(R) processor P family/Core i7 CHA Registers - 208E","System.String[]"
"Intel(R) Xeon(R) processor P family/Core i7 CHA Registers - 208E","PCI\VEN_8086&DEV_208E&SUBSYS_07381028&REV_04\3&2411E6FE&0&73","OK","System","Intel(R) Xeon(R) processor P family/Core i7 CHA Registers - 208E","System.String[]"
"Intel(R) Xeon(R) processor P family/Core i7 CHA Registers - 208E","PCI\VEN_8086&DEV_208E&SUBSYS_07381028&REV_04\3&2411E6FE&0&74","OK","System","Intel(R) Xeon(R) processor P family/Core i7 CHA Registers - 208E","System.String[]"
"Intel(R) Xeon(R) processor P family/Core i7 CHA Registers - 208E","PCI\VEN_8086&DEV_208E&SUBSYS_07381028&REV_04\3&2411E6FE&0&75","OK","System","Intel(R) Xeon(R) processor P family/Core i7 CHA Registers - 208E","System.String[]"
"Intel(R) Xeon(R) processor P family/Core i7 CHA Registers - 208E","PCI\VEN_8086&DEV_208E&SUBSYS_07381028&REV_04\3&2411E6FE&0&76","OK","System","Intel(R) Xeon(R) processor P family/Core i7 CHA Registers - 208E","System.String[]"
"Intel(R) Xeon(R) processor P family/Core i7 CHA Registers - 208E","PCI\VEN_8086&DEV_208E&SUBSYS_07381028&REV_04\3&2411E6FE&0&77","OK","System","Intel(R) Xeon(R) processor P family/Core i7 CHA Registers - 208E","System.String[]"
"Intel(R) Xeon(R) processor P family/Core i7 CHA Registers - 208E","PCI\VEN_8086&DEV_208E&SUBSYS_07381028&REV_04\3&2411E6FE&0&78","OK","System","Intel(R) Xeon(R) processor P family/Core i7 CHA Registers - 208E","System.String[]"
"Intel(R) Xeon(R) processor P family/Core i7 CHA Registers - 208E","PCI\VEN_8086&DEV_208E&SUBSYS_07381028&REV_04\3&2411E6FE&0&79","OK","System","Intel(R) Xeon(R) processor P family/Core i7 CHA Registers - 208E","System.String[]"
"HID-compliant system controller","HID\VID_046D&PID_C52B&MI_01&COL03\8&26EEC2E0&0&0002","Unknown","HIDClass","HID-compliant system controller","System.String[]"
"Alex’s AirPods Avrcp Transport","BTHENUM\{0000110C-0000-1000-8000-00805F9B34FB}_VID&0001004C_PID&2002\7&B265E0C&0&94B01FA9D419_C00000000","OK","Bluetooth","Alex’s AirPods Avrcp Transport","System.String[]"
"Intel(R) Management Engine WMI Provider","SWD\DRIVERENUM\OEM_WMI_COMPONENT&4&3C1AF6B&0","OK","SoftwareComponent","Intel(R) Management Engine WMI Provider","System.String[]"
"Intel(R) Xeon(R) processor P family/Core i7 Integrated Memory Controller - 2040","PCI\VEN_8086&DEV_2040&SUBSYS_07381028&REV_04\3&36CB97A3&0&50","OK","System","Intel(R) Xeon(R) processor P family/Core i7 Integrated Memory Controller - 2040","System.String[]"
"Intel(R) Xeon(R) processor P family/Core i7 Integrated Memory Controller - 2040","PCI\VEN_8086&DEV_2040&SUBSYS_07381028&REV_04\3&36CB97A3&0&60","OK","System","Intel(R) Xeon(R) processor P family/Core i7 Integrated Memory Controller - 2040","System.String[]"
"Trusted Platform Module 2.0","ACPI\MSFT0101\1","OK","SecurityDevices","Trusted Platform Module 2.0","System.String[]"
"Logitech USB Input Device","USB\VID_046D&PID_C52B&MI_00\6&1D8899B1&0&0000","Unknown","HIDClass","Logitech USB Input Device","System.String[]"
"ACPI Fixed Feature Button","ACPI\FIXEDBUTTON\2&DABA3FF&0","OK","System","ACPI Fixed Feature Button","System.String[]"
"Signa S2","BTHENUM\DEV_88D0397F939D\7&B265E0C&0&BLUETOOTHDEVICE_88D0397F939D","OK","Bluetooth","Signa S2","System.String[]"
"WDMyCloudEX4","SWD\DAFUPNPPROVIDER\UUID:73656761-7465-7375-636B-0090A96B5866","Unknown","SoftwareDevice","WDMyCloudEX4","System.String[]"
"Intel(R) Xeon(R) processor P family/Core i7 PCU Registers - 2082","PCI\VEN_8086&DEV_2082&SUBSYS_07381028&REV_04\3&2411E6FE&0&F2","OK","System","Intel(R) Xeon(R) processor P family/Core i7 PCU Registers - 2082","System.String[]"
"Volume","STORAGE\VOLUME\{882ED162-E4D1-11EC-A496-806E6F6E6963}#00000203E8800000","OK","Volume","Volume","System.String[]"
"Microsoft XPS Document Writer","SWD\PRINTENUM\{A8E48033-017A-4183-A917-51B5C1C0E609}","OK","PrintQueue","Microsoft XPS Document Writer","System.String[]"
"Intel(R) Ethernet Connection (5) I219-LM","PCI\VEN_8086&DEV_15E3&SUBSYS_07381028&REV_00\3&11583659&0&FE","OK","Net","Intel(R) Ethernet Connection (5) I219-LM","System.String[]"
"Intel(R) Wi-Fi 6 AX200 160MHz","PCI\VEN_8086&DEV_2723&SUBSYS_00848086&REV_1A\4&3957722F&0&00E8","OK","Net","Intel(R) Wi-Fi 6 AX200 160MHz","System.String[]"
"Device Identification Service","BTHENUM\{00001200-0000-1000-8000-00805F9B34FB}_VID&0002099A_PID&0500\7&B265E0C&0&88D0397F939D_C00000000","OK","Bluetooth","Device Identification Service","System.String[]"
"HID-compliant consumer control device","HID\{00001812-0000-1000-8000-00805F9B34FB}_DEV_VID&02046D_PID&B369_REV&0007_DB209F422280&COL02\9&235D9243&0&0001","Unknown","HIDClass","HID-compliant consumer control device","System.String[]"
"Volume","STORAGE\VOLUME\{882ED161-E4D1-11EC-A496-806E6F6E6963}#0000000001000000","OK","Volume","Volume","System.String[]"
"Intel(R) Xeon(R) processor P family/Core i7 DECS Channel 2 - 2048","PCI\VEN_8086&DEV_2048&SUBSYS_07381028&REV_04\3&36CB97A3&0&58","OK","System","Intel(R) Xeon(R) processor P family/Core i7 DECS Channel 2 - 2048","System.String[]"
"Intel(R) Xeon(R) processor P family/Core i7 DECS Channel 2 - 2048","PCI\VEN_8086&DEV_2048&SUBSYS_07381028&REV_04\3&36CB97A3&0&68","OK","System","Intel(R) Xeon(R) processor P family/Core i7 DECS Channel 2 - 2048","System.String[]"
"Intel(R) Xeon(R) processor P family/Core i7 CHA Registers - 2054","PCI\VEN_8086&DEV_2054&SUBSYS_07381028&REV_04\3&2411E6FE&0&E8","OK","System","Intel(R) Xeon(R) processor P family/Core i7 CHA Registers - 2054","System.String[]"
"Intel(R) Xeon(R) processor P family/Core i7 Ubox Registers - 2016","PCI\VEN_8086&DEV_2016&SUBSYS_07381028&REV_04\3&11583659&0&42","OK","System","Intel(R) Xeon(R) processor P family/Core i7 Ubox Registers - 2016","System.String[]"
"ACPI Wake Alarm","ACPI\ACPI000E\2&DABA3FF&0","OK","System","ACPI Wake Alarm","System.String[]"
"Headset (2- E7)","SWD\MMDEVAPI\{0.0.1.00000000}.{24999F6E-B7CA-4F07-A9F7-60F41BB67434}","Unknown","AudioEndpoint","Headset (2- E7)","System.String[]"
"Wi-Fi","SWD\RADIO\{5C992C83-4352-4D71-B4D5-40B3866C1966}","OK","SoftwareDevice","Wi-Fi",
"HID-compliant system controller","HID\VID_1532&PID_0084&MI_01&COL03\7&337D3F2A&1&0002","OK","HIDClass","HID-compliant system controller","System.String[]"
"HID-compliant vendor-defined device","HID\VID_046D&PID_C52B&MI_01&COL04\8&2CF18200&0&0003","Unknown","HIDClass","HID-compliant vendor-defined device","System.String[]"
"Intel(R) PCI Express Root Port #6 - A295","PCI\VEN_8086&DEV_A295&SUBSYS_07381028&REV_F0\3&11583659&0&E5","OK","System","Intel(R) PCI Express Root Port #6 - A295","System.String[]"
"E7","BTHENUM\{0000110B-0000-1000-8000-00805F9B34FB}_LOCALMFG&0002\7&B265E0C&0&FC58A103FDFE_C00000000","OK","MEDIA","E7","System.String[]"
"Wi-Fi","SWD\RADIO\{47C38783-4D05-44A1-B71C-2BAD8DB60C41}","Unknown","SoftwareDevice","Wi-Fi",
"HID Keyboard Device","HID\{00001812-0000-1000-8000-00805F9B34FB}_DEV_VID&02046D_PID&B35B_REV&0013_EEA0065980A5&COL01\9&31D1F8C4&0&0000","OK","Keyboard","HID Keyboard Device","System.String[]"
"Bluetooth LE Generic Attribute Service","BTHLEDEVICE\{0000FD72-0000-1000-8000-00805F9B34FB}_DEV_VID&02046D_PID&B369_REV&0007_DB209F422280\8&1AA6D1C1&0&003F","OK","Bluetooth","Bluetooth LE Generic Attribute Service","System.String[]"
"Volume","STORAGE\VOLUME\{756BD17C-03E4-11ED-A4D5-984827E35863}#0000000000100000","Unknown","Volume","Volume","System.String[]"
"Alex’s AirPods","BTHENUM\DEV_94B01FA9D419\7&B265E0C&0&BLUETOOTHDEVICE_94B01FA9D419","OK","Bluetooth","Alex’s AirPods","System.String[]"
"Microsoft Hyper-V Virtual Disk Server","ROOT\STORVSP\0000","OK","System","Microsoft Hyper-V Virtual Disk Server","System.String[]"
"Generic Non-PnP Monitor","DISPLAY\DEFAULT_MONITOR\5&1ECD3B42&7&UID774401","Unknown","Monitor","Generic Non-PnP Monitor","System.String[]"
"Generic Non-PnP Monitor","DISPLAY\DEFAULT_MONITOR\5&1ECD3B42&7&UID774403","Unknown","Monitor","Generic Non-PnP Monitor","System.String[]"
"Generic Non-PnP Monitor","DISPLAY\DEFAULT_MONITOR\5&1ECD3B42&7&UID774405","Unknown","Monitor","Generic Non-PnP Monitor","System.String[]"
"USB Input Device","USB\VID_046D&PID_C52B&MI_01\7&2F158407&0&0001","Unknown","HIDClass","USB Input Device","System.String[]"
"Motherboard resources","ACPI\PNP0C02\IOTRAPS","OK","System","Motherboard resources","System.String[]"
"HID-compliant vendor-defined device","HID\VID_046D&PID_C52B&MI_02&COL02\8&13BEA6A2&0&0001","Unknown","HIDClass","HID-compliant vendor-defined device","System.String[]"
"Wi-Fi","SWD\RADIO\{1B6EE010-4D55-4A74-BC6F-B4CCCD8F4C9D}","Unknown","SoftwareDevice","Wi-Fi",
"Intel(R) Xeon(R) processor P family/Core i7 Intel VT - D - 2034","PCI\VEN_8086&DEV_2034&SUBSYS_07381028&REV_04\3&36CB97A3&0&28","OK","System","Intel(R) Xeon(R) processor P family/Core i7 Intel VT - D - 2034","System.String[]"
"Kaspersky VPN","ROOT\KLTUN\0000","OK","Net","Kaspersky VPN","System.String[]"
"Bluetooth LE Generic Attribute Service","BTHLEDEVICE\{0000FD72-0000-1000-8000-00805F9B34FB}_DEV_VID&02046D_PID&B034_REV&0003_D0EEF6C87894\8&1D214379&0&0036","OK","Bluetooth","Bluetooth LE Generic Attribute Service","System.String[]"
"Device Information Service","BTHLEDEVICE\{0000180A-0000-1000-8000-00805F9B34FB}_DEV_VID&02046D_PID&B369_REV&0007_DB209F422280\8&1AA6D1C1&0&000E","OK","Bluetooth","Device Information Service","System.String[]"
"Brother HL-L8360CDW series","SWD\IPP\E3248000-80CE-11DB-8000-3C2AF440A35D","OK","SoftwareDevice","Brother HL-L8360CDW series",
"Alex’s AirPods Hands-Free AG","BTHENUM\{0000111E-0000-1000-8000-00805F9B34FB}_VID&0001004C_PID&2002\7&B265E0C&0&94B01FA9D419_C00000000","OK","System","Alex’s AirPods Hands-Free AG","System.String[]"
"Intel(R) Xeon(R) processor P family/Core i7 M3KTI Registers - 204E","PCI\VEN_8086&DEV_204E&SUBSYS_07381028&REV_04\3&3AA59A3&0&92","OK","System","Intel(R) Xeon(R) processor P family/Core i7 M3KTI Registers - 204E","System.String[]"
"Device Information Service","BTHLEDEVICE\{0000180A-0000-1000-8000-00805F9B34FB}_DEV_VID&02046D_PID&B034_REV&0003_D0EEF6C87894\8&1D214379&0&000E","OK","Bluetooth","Device Information Service","System.String[]"
"ACPI Module Device","ACPI\ACPI0004\CPUSCK0","OK","System","ACPI Module Device","System.String[]"
"Microsoft GS Wavetable Synth","SWD\MMDEVAPI\MICROSOFTGSWAVETABLESYNTH","OK","SoftwareDevice","Microsoft GS Wavetable Synth",
"DS220plus","SWD\DAFUPNPPROVIDER\UUID:9009D034-2A03-9009-032A-032A34D00990","Unknown","SoftwareDevice","DS220plus","System.String[]"
"HID-compliant system controller","HID\VID_413C&PID_4503&MI_01&COL03\8&F449456&0&0002","Unknown","HIDClass","HID-compliant system controller","System.String[]"
"HID-compliant system controller","HID\VID_FFFF&PID_BACE&REV_0002&MI_00&COL04\3&258C3FBC&0&0003","Unknown","HIDClass","HID-compliant system controller","System.String[]"
"E7 Hands-Free AG","BTHENUM\{0000111E-0000-1000-8000-00805F9B34FB}_LOCALMFG&0002\7&B265E0C&0&FC58A103FDFE_C00000000","OK","System","E7 Hands-Free AG","System.String[]"
"Remote Desktop USB Hub","TS_USB_HUB_ENUMERATOR\UMB\2&30D3618&0&TS_USB_HUB","Unknown","System","Remote Desktop USB Hub","System.String[]"
"Plex Media Server: WDMyCloudEX4","SWD\DAFUPNPPROVIDER\UUID:709D2999-63AB-F364-11C3-97E5E33704F1","Unknown","SoftwareDevice","Plex Media Server: WDMyCloudEX4","System.String[]"
"Intel(R) Xeon(R) processor P family/Core i7 LM Channel 1 - 2045","PCI\VEN_8086&DEV_2045&SUBSYS_07381028&REV_04\3&36CB97A3&0&55","OK","System","Intel(R) Xeon(R) processor P family/Core i7 LM Channel 1 - 2045","System.String[]"
"Intel(R) Xeon(R) processor P family/Core i7 LM Channel 1 - 2045","PCI\VEN_8086&DEV_2045&SUBSYS_07381028&REV_04\3&36CB97A3&0&65","OK","System","Intel(R) Xeon(R) processor P family/Core i7 LM Channel 1 - 2045","System.String[]"
"Intel(R) Management and Security Application Local Management","SWD\DRIVERENUM\OEM_LMS_COMPONENT&4&3C1AF6B&0","Unknown","SoftwareComponent","Intel(R) Management and Security Application Local Management","System.String[]"
"Wi-Fi","SWD\RADIO\{8872E20B-029C-4C0D-8828-F67F9AA66B7E}","Unknown","SoftwareDevice","Wi-Fi",
"HID-compliant consumer control device","HID\VID_413C&PID_4503&MI_01&COL02\8&F449456&0&0001","Unknown","HIDClass","HID-compliant consumer control device","System.String[]"
"ACTON III","BTHENUM\{0000110B-0000-1000-8000-00805F9B34FB}_VID&00010094_PID&0004\7&B265E0C&0&6C47604EDC78_C00000000","OK","MEDIA","ACTON III","System.String[]"
"USB Composite Device","USB\VID_FFFF&PID_BACE&REV_0002\1","Unknown","USB","USB Composite Device","System.String[]"
"Standard PS/2 Keyboard","ACPI\PNP0303\0","OK","Keyboard","Standard PS/2 Keyboard","System.String[]"
"HID-compliant vendor-defined device","HID\VID_046D&PID_C52B&MI_02&COL02\7&1606C980&0&0001","Unknown","HIDClass","HID-compliant vendor-defined device","System.String[]"
"Intel(R) Xeon(R) processor P family/Core i7 M3KTI Registers - 204D","PCI\VEN_8086&DEV_204D&SUBSYS_07381028&REV_04\3&3AA59A3&0&91","OK","System","Intel(R) Xeon(R) processor P family/Core i7 M3KTI Registers - 204D","System.String[]"
"Numeric data processor","ACPI\PNP0C04\4&3816902A&0","OK","System","Numeric data processor","System.String[]"
"NDIS Virtual Network Adapter Enumerator","ROOT\NDISVIRTUALBUS\0000","OK","System","NDIS Virtual Network Adapter Enumerator","System.String[]"
"USB Input Device","USB\VID_FFFF&PID_BACE&REV_0002&MI_00\2&2CEE342A&0&0000","Unknown","HIDClass","USB Input Device","System.String[]"
"USB Input Device","USB\VID_413C&PID_2113&MI_00\6&3155E302&0&0000","Unknown","HIDClass","USB Input Device","System.String[]"
"HID-compliant vendor-defined device","HID\VID_046D&PID_C52B&MI_01&COL04\8&26EEC2E0&0&0003","Unknown","HIDClass","HID-compliant vendor-defined device","System.String[]"
"Intel(R) Xeon(R) processor P family/Core i7 MM/Vt - d Configuration Registers - 2024","PCI\VEN_8086&DEV_2024&SUBSYS_07381028&REV_04\3&11583659&0&28","OK","System","Intel(R) Xeon(R) processor P family/Core i7 MM/Vt - d Configuration Registers - 2024","System.String[]"
"USB Composite Device","USB\VID_413C&PID_4503\6&3183D08&0&2","Unknown","USB","USB Composite Device","System.String[]"
"Speakers (TCL 8132 Sound Bar)","SWD\MMDEVAPI\{0.0.0.00000000}.{C5891647-3A68-48B1-B31D-F987AFCE9D8F}","Unknown","AudioEndpoint","Speakers (TCL 8132 Sound Bar)","System.String[]"
"WDC WD101EFAX-68LDBN0","SCSI\DISK&VEN_ATA&PROD_WDC_WD101EFAX-68\4&296A7F82&0&020000","OK","DiskDrive","WDC WD101EFAX-68LDBN0","System.String[]"
" USB  SanDisk 3.2Gen1 USB Device","USBSTOR\DISK&VEN__USB&PROD__SANDISK_3.2GEN1&REV_1.00\04012F661212A3B2CB0CBA4A7051110B077A3781A27B1AA22A719F3A17748AC","Unknown","DiskDrive"," USB  SanDisk 3.2Gen1 USB Device","System.String[]"
"USB Input Device","USB\VID_046D&PID_C52B&MI_02\7&6346AA5&1&0002","Unknown","HIDClass","USB Input Device","System.String[]"
"HID-compliant consumer control device","HID\VID_413C&PID_2113&MI_01&COL01\7&19EDA587&0&0000","Unknown","HIDClass","HID-compliant consumer control device","System.String[]"
"Alex’s AirPods","BTHENUM\{0000110B-0000-1000-8000-00805F9B34FB}_VID&0001004C_PID&2002\7&B265E0C&0&94B01FA9D419_C00000000","OK","MEDIA","Alex’s AirPods","System.String[]"
"Signa S2 Avrcp Transport","BTHENUM\{0000110E-0000-1000-8000-00805F9B34FB}_VID&0002099A_PID&0500\7&B265E0C&0&88D0397F939D_C00000000","OK","Bluetooth","Signa S2 Avrcp Transport","System.String[]"
"USB Input Device","USB\VID_046D&PID_C52B&MI_01\6&1D8899B1&0&0001","Unknown","HIDClass","USB Input Device","System.String[]"
"Intel(R) Xeon(R) processor P family/Core i7 Intel VT - D - 2034","PCI\VEN_8086&DEV_2034&SUBSYS_07381028&REV_04\3&2411E6FE&0&28","OK","System","Intel(R) Xeon(R) processor P family/Core i7 Intel VT - D - 2034","System.String[]"
"Speakers (Signa S2)","SWD\MMDEVAPI\{0.0.0.00000000}.{72A68E97-67F6-4713-A2F8-6E532DA2703D}","Unknown","AudioEndpoint","Speakers (Signa S2)","System.String[]"
"Microsoft VHD Loopback Controller","{8E7BD593-6E6C-4C52-86A6-77175494DD8E}\MSVHDHBA\1&3030E83&0&01","OK","SCSIAdapter","Microsoft VHD Loopback Controller","System.String[]"
"P:\","SWD\WPDBUSENUM\_??_USBSTOR#DISK&VEN__USB&PROD__SANDISK_3.2GEN1&REV_1.00#04012F661212A3B2CB0CBA4A7051110B077A3781A27B1AA22A719F3A17748AC#{53F56307-B6BF-11D0-94F2-00A0C91EFB8B}","Unknown","WPD","P:\",
"Bluetooth LE Generic Attribute Service","BTHLEDEVICE\{0000180F-0000-1000-8000-00805F9B34FB}_DEV_VID&02046D_PID&B369_REV&0007_DB209F422280\8&1AA6D1C1&0&001B","OK","Bluetooth","Bluetooth LE Generic Attribute Service","System.String[]"
"Headset (Alex’s AirPods)","SWD\MMDEVAPI\{0.0.1.00000000}.{E02D2BF6-1A3A-4AD6-8417-C5690A2FE127}","Unknown","AudioEndpoint","Headset (Alex’s AirPods)","System.String[]"
"Intel(R) Xeon(R) processor P family/Core i7 M3KTI Registers - 204C","PCI\VEN_8086&DEV_204C&SUBSYS_07381028&REV_04\3&3AA59A3&0&90","OK","System","Intel(R) Xeon(R) processor P family/Core i7 M3KTI Registers - 204C","System.String[]"
"USB Input Device","USB\VID_046D&PID_C52B&MI_01\7&6346AA5&1&0001","Unknown","HIDClass","USB Input Device","System.String[]"
"Microsoft Bluetooth LE Enumerator","BTH\MS_BTHLE\6&191B35EC&0&3","OK","Bluetooth","Microsoft Bluetooth LE Enumerator","System.String[]"
"Speakers (Signa S2)","SWD\MMDEVAPI\{0.0.0.00000000}.{BCDBAC1E-4DB0-452F-9807-98361A4B9602}","Unknown","AudioEndpoint","Speakers (Signa S2)","System.String[]"
"Logitech Download Assistant","HID\{00001812-0000-1000-8000-00805F9B34FB}_DEV_VID&02046D_PID&B369_REV&0007_DB209F422280&COL03\9&235D9243&0&0002","Unknown","HIDClass","Logitech Download Assistant","System.String[]"
"LG HDR 4K (2- NVIDIA High Definition Audio)","SWD\MMDEVAPI\{0.0.0.00000000}.{35AC9351-954A-43A2-850A-0562AC49A48B}","OK","AudioEndpoint","LG HDR 4K (2- NVIDIA High Definition Audio)","System.String[]"
"Bluetooth LE Generic Attribute Service","BTHLEDEVICE\{0000180F-0000-1000-8000-00805F9B34FB}_DEV_VID&02046D_PID&B034_REV&0003_D0EEF6C87894\8&1D214379&0&001B","OK","Bluetooth","Bluetooth LE Generic Attribute Service","System.String[]"
"HID Keyboard Device","HID\VID_1532&PID_0084&MI_02\7&B129161&0&0000","OK","Keyboard","HID Keyboard Device","System.String[]"
"BTNOTIFYR","BTHENUM\{0000FF01-0000-1000-8000-00805F9B34FF}_VID&00010094_PID&0004\7&B265E0C&0&6C47604EDC78_C00000000","OK",,"BTNOTIFYR","System.String[]"
"Logitech USB Input Device","USB\VID_046D&PID_C52B&MI_00\7&6346AA5&1&0000","Unknown","HIDClass","Logitech USB Input Device","System.String[]"
"HID-compliant device","HID\VID_1532&PID_0084&MI_01&COL04\7&337D3F2A&1&0003","OK","HIDClass","HID-compliant device","System.String[]"
"Volume","STORAGE\VOLUME\{882ED160-E4D1-11EC-A496-806E6F6E6963}#000002B3A5100000","OK","Volume","Volume","System.String[]"
"Headphones (E7)","SWD\MMDEVAPI\{0.0.0.00000000}.{5FF1C6F9-0B2F-4E7C-9864-E2D32A686220}","Unknown","AudioEndpoint","Headphones (E7)","System.String[]"
"BTFASTPAIR","BTHENUM\{DF21FE2C-2515-4FDB-8886-F12C4D67927C}_VID&00010094_PID&0004\7&B265E0C&0&6C47604EDC78_C00000000","OK",,"BTFASTPAIR","System.String[]"
"Intel(R) Xeon(R) processor P family/Core i7 Integrated Memory Controller - 2042","PCI\VEN_8086&DEV_2042&SUBSYS_07381028&REV_04\3&36CB97A3&0&52","OK","System","Intel(R) Xeon(R) processor P family/Core i7 Integrated Memory Controller - 2042","System.String[]"
"Intel(R) Xeon(R) processor P family/Core i7 Integrated Memory Controller - 2042","PCI\VEN_8086&DEV_2042&SUBSYS_07381028&REV_04\3&36CB97A3&0&62","OK","System","Intel(R) Xeon(R) processor P family/Core i7 Integrated Memory Controller - 2042","System.String[]"
"Bluetooth Peripheral Device","BTHENUM\{00001801-0000-1000-8000-00805F9B34FB}_VID&0001000F_PID&1200\7&B265E0C&0&2CFDB3C85F48_C00000000","OK",,"Bluetooth Peripheral Device","System.String[]"
"Generic USB Hub","USB\VID_0BDA&PID_5411\5&129774C1&0&10","OK","USB","Generic USB Hub","System.String[]"
"MX Keys Mini","BTHLE\DEV_DB209F422280\7&21DBA774&0&DB209F422280","OK","Bluetooth","MX Keys Mini","System.String[]"
"Intel(R) Xeon(R) processor P family/Core i7 IOxAPIC Configuration Registers - 2036","PCI\VEN_8086&DEV_2036&SUBSYS_07381028&REV_04\3&3AA59A3&0&2C","OK","System","Intel(R) Xeon(R) processor P family/Core i7 IOxAPIC Configuration Registers - 2036","System.String[]"
"Intel(R) Xeon(R) processor P family/Core i7 PCU Registers - 2084","PCI\VEN_8086&DEV_2084&SUBSYS_07381028&REV_04\3&2411E6FE&0&F4","OK","System","Intel(R) Xeon(R) processor P family/Core i7 PCU Registers - 2084","System.String[]"
"USB Input Device","USB\VID_046D&PID_C534&MI_00\7&13B8B4BC&0&0000","Unknown","HIDClass","USB Input Device","System.String[]"
"Volume","STORAGE\VOLUME\_??_USBSTOR#DISK&VEN_&PROD_USB_DISK_3.0&REV_PMAP#07190C73F88BEB45&0#{53F56307-B6BF-11D0-94F2-00A0C91EFB8B}","Unknown","Volume","Volume","System.String[]"
"Motherboard resources","ACPI\PNP0C02\4&3816902A&0","OK","System","Motherboard resources","System.String[]"
"HID-compliant mouse","HID\{00001812-0000-1000-8000-00805F9B34FB}_DEV_VID&02046D_PID&B35B_REV&0013_EEA0065980A5&COL02\9&31D1F8C4&0&0001","OK","Mouse","HID-compliant mouse","System.String[]"
"Microsoft System Management BIOS Driver","ROOT\MSSMBIOS\0000","OK","System","Microsoft System Management BIOS Driver","System.String[]"
"Motherboard resources","ACPI\INT340E\2&DABA3FF&0","OK","System","Motherboard resources","System.String[]"
"Intel(R) Volume Management Device NVMe RAID Controller","PCI\VEN_8086&DEV_201D&SUBSYS_07381028&REV_04\3&3AA59A3&0&2D","OK","SCSIAdapter","Intel(R) Volume Management Device NVMe RAID Controller","System.String[]"
"Intel(R) Xeon(R) processor P family/Core i7 CHA Registers - 2056","PCI\VEN_8086&DEV_2056&SUBSYS_07381028&REV_04\3&2411E6FE&0&EA","OK","System","Intel(R) Xeon(R) processor P family/Core i7 CHA Registers - 2056","System.String[]"
"Microsoft Windows Management Interface for ACPI","ACPI\PNP0C14\TBFP","OK","System","Microsoft Windows Management Interface for ACPI","System.String[]"
"Intel(R) PMC - A2A1","PCI\VEN_8086&DEV_A2A1&SUBSYS_07381028&REV_00\3&11583659&0&FA","OK","System","Intel(R) PMC - A2A1","System.String[]"
"System speaker","ACPI\PNP0800\4&3816902A&0","OK","System","System speaker","System.String[]"
"USB Input Device","USB\VID_046D&PID_C52B&MI_02\7&2F158407&0&0002","Unknown","HIDClass","USB Input Device","System.String[]"
"HID-compliant vendor-defined device","HID\VID_046D&PID_C52B&MI_02&COL03\8&13BEA6A2&0&0002","Unknown","HIDClass","HID-compliant vendor-defined device","System.String[]"
"TCL 8132 Sound Bar Avrcp Transport","BTHENUM\{0000110E-0000-1000-8000-00805F9B34FB}_VID&0001000F_PID&1200\7&B265E0C&0&2CFDB3C85F48_C00000000","OK","Bluetooth","TCL 8132 Sound Bar Avrcp Transport","System.String[]"
"Intel(R) Xeon(R) processor P family/Core i7 CBDMA Registers - 2021","PCI\VEN_8086&DEV_2021&SUBSYS_07381028&REV_04\3&11583659&0&20","OK","System","Intel(R) Xeon(R) processor P family/Core i7 CBDMA Registers - 2021","System.String[]"
"Intel(R) Xeon(R) processor P family/Core i7 CBDMA Registers - 2021","PCI\VEN_8086&DEV_2021&SUBSYS_07381028&REV_04\3&11583659&0&21","OK","System","Intel(R) Xeon(R) processor P family/Core i7 CBDMA Registers - 2021","System.String[]"
"Intel(R) Xeon(R) processor P family/Core i7 CBDMA Registers - 2021","PCI\VEN_8086&DEV_2021&SUBSYS_07381028&REV_04\3&11583659&0&22","OK","System","Intel(R) Xeon(R) processor P family/Core i7 CBDMA Registers - 2021","System.String[]"
"Intel(R) Xeon(R) processor P family/Core i7 CBDMA Registers - 2021","PCI\VEN_8086&DEV_2021&SUBSYS_07381028&REV_04\3&11583659&0&23","OK","System","Intel(R) Xeon(R) processor P family/Core i7 CBDMA Registers - 2021","System.String[]"
"Intel(R) Xeon(R) processor P family/Core i7 CBDMA Registers - 2021","PCI\VEN_8086&DEV_2021&SUBSYS_07381028&REV_04\3&11583659&0&24","OK","System","Intel(R) Xeon(R) processor P family/Core i7 CBDMA Registers - 2021","System.String[]"
"Intel(R) Xeon(R) processor P family/Core i7 CBDMA Registers - 2021","PCI\VEN_8086&DEV_2021&SUBSYS_07381028&REV_04\3&11583659&0&25","OK","System","Intel(R) Xeon(R) processor P family/Core i7 CBDMA Registers - 2021","System.String[]"
"Intel(R) Xeon(R) processor P family/Core i7 CBDMA Registers - 2021","PCI\VEN_8086&DEV_2021&SUBSYS_07381028&REV_04\3&11583659&0&26","OK","System","Intel(R) Xeon(R) processor P family/Core i7 CBDMA Registers - 2021","System.String[]"
"Intel(R) Xeon(R) processor P family/Core i7 CBDMA Registers - 2021","PCI\VEN_8086&DEV_2021&SUBSYS_07381028&REV_04\3&11583659&0&27","OK","System","Intel(R) Xeon(R) processor P family/Core i7 CBDMA Registers - 2021","System.String[]"
"Intel(R) Xeon(R) processor P family/Core i7 RAS Configuration Registers - 2035","PCI\VEN_8086&DEV_2035&SUBSYS_00000000&REV_04\3&36CB97A3&0&2A","OK","System","Intel(R) Xeon(R) processor P family/Core i7 RAS Configuration Registers - 2035","System.String[]"
"USB DISK 3.0 USB Device","USBSTOR\DISK&VEN_&PROD_USB_DISK_3.0&REV_PMAP\07190C73EC8DE198&0","Unknown","DiskDrive","USB DISK 3.0 USB Device","System.String[]"
"Volume","STORAGE\VOLUME\_??_USBSTOR#DISK&VEN__USB&PROD__SANDISK_3.2GEN1&REV_1.00#04012F661212A3B2CB0CBA4A7051110B077A3781A27B1AA22A719F3A17748AC#{53F56307-B6BF-11D0-94F2-00A0C91EFB8B}","Unknown","Volume","Volume","System.String[]"
"Plug and Play Software Device Enumerator","ROOT\SYSTEM\0000","OK","System","Plug and Play Software Device Enumerator","System.String[]"
"Generic Access Profile","BTHLEDEVICE\{00001800-0000-1000-8000-00805F9B34FB}_DEV_VID&02046D_PID&B369_REV&0007_DB209F422280\8&1AA6D1C1&0&0001","OK","Bluetooth","Generic Access Profile","System.String[]"
"Intel(R) Xeon(R) processor P family/Core i7 LMDP Channel 2 - 204B","PCI\VEN_8086&DEV_204B&SUBSYS_07381028&REV_04\3&36CB97A3&0&5B","OK","System","Intel(R) Xeon(R) processor P family/Core i7 LMDP Channel 2 - 204B","System.String[]"
"Intel(R) Xeon(R) processor P family/Core i7 LMDP Channel 2 - 204B","PCI\VEN_8086&DEV_204B&SUBSYS_07381028&REV_04\3&36CB97A3&0&6B","OK","System","Intel(R) Xeon(R) processor P family/Core i7 LMDP Channel 2 - 204B","System.String[]"
"E7 Hands-Free","BTHHFENUM\BTHHFPAUDIO\8&37FE8E60&0&97","OK","MEDIA","E7 Hands-Free","System.String[]"
"Bluetooth LE Generic Attribute Service","BTHLEDEVICE\{00010000-0000-1000-8000-011F2000046D}_DEV_VID&02046D_PID&B369_REV&0007_DB209F422280\8&1AA6D1C1&0&004C","OK","Bluetooth","Bluetooth LE Generic Attribute Service","System.String[]"
"Remote Desktop Device Redirector Bus","ROOT\RDPBUS\0000","OK","System","Remote Desktop Device Redirector Bus","System.String[]"
"HID-compliant consumer control device","HID\VID_046D&PID_C534&MI_01&COL02\8&2562B3F7&0&0001","Unknown","HIDClass","HID-compliant consumer control device","System.String[]"
"Generic Access Profile","BTHLEDEVICE\{00001800-0000-1000-8000-00805F9B34FB}_DEV_VID&02046D_PID&B034_REV&0003_D0EEF6C87894\8&1D214379&0&0001","OK","Bluetooth","Generic Access Profile","System.String[]"
"E7","BTHENUM\{0000110B-0000-1000-8000-00805F9B34FB}_LOCALMFG&0002\7&B265E0C&0&FC58FA783748_C00000000","OK","MEDIA","E7","System.String[]"
"Microsoft Virtual Disk","SCSI\DISK&VEN_MSFT&PROD_VIRTUAL_DISK\2&1F4ADFFE&0&000001","Unknown","DiskDrive","Microsoft Virtual Disk","System.String[]"
"Bluetooth LE Generic Attribute Service","BTHLEDEVICE\{00010000-0000-1000-8000-011F2000046D}_DEV_VID&02046D_PID&B034_REV&0003_D0EEF6C87894\8&1D214379&0&0043","OK","Bluetooth","Bluetooth LE Generic Attribute Service","System.String[]"
"Intel(R) Xeon(R) processor P family/Core i7 CHA Registers - 208D","PCI\VEN_8086&DEV_208D&SUBSYS_07381028&REV_04\3&2411E6FE&0&40","OK","System","Intel(R) Xeon(R) processor P family/Core i7 CHA Registers - 208D","System.String[]"
"Intel(R) Xeon(R) processor P family/Core i7 CHA Registers - 208D","PCI\VEN_8086&DEV_208D&SUBSYS_07381028&REV_04\3&2411E6FE&0&41","OK","System","Intel(R) Xeon(R) processor P family/Core i7 CHA Registers - 208D","System.String[]"
"Intel(R) Xeon(R) processor P family/Core i7 CHA Registers - 208D","PCI\VEN_8086&DEV_208D&SUBSYS_07381028&REV_04\3&2411E6FE&0&42","OK","System","Intel(R) Xeon(R) processor P family/Core i7 CHA Registers - 208D","System.String[]"
"Intel(R) Xeon(R) processor P family/Core i7 CHA Registers - 208D","PCI\VEN_8086&DEV_208D&SUBSYS_07381028&REV_04\3&2411E6FE&0&43","OK","System","Intel(R) Xeon(R) processor P family/Core i7 CHA Registers - 208D","System.String[]"
"Intel(R) Xeon(R) processor P family/Core i7 CHA Registers - 208D","PCI\VEN_8086&DEV_208D&SUBSYS_07381028&REV_04\3&2411E6FE&0&44","OK","System","Intel(R) Xeon(R) processor P family/Core i7 CHA Registers - 208D","System.String[]"
"Intel(R) Xeon(R) processor P family/Core i7 CHA Registers - 208D","PCI\VEN_8086&DEV_208D&SUBSYS_07381028&REV_04\3&2411E6FE&0&45","OK","System","Intel(R) Xeon(R) processor P family/Core i7 CHA Registers - 208D","System.String[]"
"Intel(R) Xeon(R) processor P family/Core i7 CHA Registers - 208D","PCI\VEN_8086&DEV_208D&SUBSYS_07381028&REV_04\3&2411E6FE&0&46","OK","System","Intel(R) Xeon(R) processor P family/Core i7 CHA Registers - 208D","System.String[]"
"Intel(R) Xeon(R) processor P family/Core i7 CHA Registers - 208D","PCI\VEN_8086&DEV_208D&SUBSYS_07381028&REV_04\3&2411E6FE&0&47","OK","System","Intel(R) Xeon(R) processor P family/Core i7 CHA Registers - 208D","System.String[]"
"Intel(R) Xeon(R) processor P family/Core i7 CHA Registers - 208D","PCI\VEN_8086&DEV_208D&SUBSYS_07381028&REV_04\3&2411E6FE&0&48","OK","System","Intel(R) Xeon(R) processor P family/Core i7 CHA Registers - 208D","System.String[]"
"Intel(R) Xeon(R) processor P family/Core i7 CHA Registers - 208D","PCI\VEN_8086&DEV_208D&SUBSYS_07381028&REV_04\3&2411E6FE&0&49","OK","System","Intel(R) Xeon(R) processor P family/Core i7 CHA Registers - 208D","System.String[]"
"EMBERTON","BTHENUM\{0000110B-0000-1000-8000-00805F9B34FB}_LOCALMFG&0002\7&B265E0C&0&0421446BBFFB_C00000000","OK","MEDIA","EMBERTON","System.String[]"
"Intel(R) Xeon(R) processor P family/Core i7 IOxAPIC Configuration Registers - 2036","PCI\VEN_8086&DEV_2036&SUBSYS_07381028&REV_04\3&36CB97A3&0&2C","OK","System","Intel(R) Xeon(R) processor P family/Core i7 IOxAPIC Configuration Registers - 2036","System.String[]"
"HID-compliant vendor-defined device","HID\VID_046D&PID_C52B&MI_02&COL03\7&1606C980&0&0002","Unknown","HIDClass","HID-compliant vendor-defined device","System.String[]"
"Intel(R) Xeon(R) processor P family/Core i7 Intel VT - D - 2034","PCI\VEN_8086&DEV_2034&SUBSYS_07381028&REV_04\3&3AA59A3&0&28","OK","System","Intel(R) Xeon(R) processor P family/Core i7 Intel VT - D - 2034","System.String[]"
